#eFEXID,FPGA,eTowerID,eTowerEta,eTowerPhi
0,0,501546,24,10
0,0,501482,23,10
0,0,501418,22,10
0,0,501354,21,10
0,0,501290,20,10
0,0,501226,19,10
0,0,501545,24,9
0,0,501481,23,9
0,0,501417,22,9
0,0,501353,21,9
0,0,501289,20,9
0,0,501225,19,9
0,0,501544,24,8
0,0,501480,23,8
0,0,501416,22,8
0,0,501352,21,8
0,0,501288,20,8
0,0,501224,19,8
0,0,501543,24,7
0,0,501479,23,7
0,0,501415,22,7
0,0,501351,21,7
0,0,501287,20,7
0,0,501223,19,7
0,0,501542,24,6
0,0,501478,23,6
0,0,501414,22,6
0,0,501350,21,6
0,0,501286,20,6
0,0,501222,19,6
0,0,501541,24,5
0,0,501477,23,5
0,0,501413,22,5
0,0,501349,21,5
0,0,501285,20,5
0,0,501221,19,5
0,0,501540,24,4
0,0,501476,23,4
0,0,501412,22,4
0,0,501348,21,4
0,0,501284,20,4
0,0,501220,19,4
0,0,501539,24,3
0,0,501475,23,3
0,0,501411,22,3
0,0,501347,21,3
0,0,501283,20,3
0,0,501219,19,3
0,0,501538,24,2
0,0,501474,23,2
0,0,501410,22,2
0,0,501346,21,2
0,0,501282,20,2
0,0,501218,19,2
0,0,501537,24,1
0,0,501473,23,1
0,0,501409,22,1
0,0,501345,21,1
0,0,501281,20,1
0,0,501217,19,1
0,1,501290,20,10
0,1,501226,19,10
0,1,501162,18,10
0,1,501098,17,10
0,1,501034,16,10
0,1,500970,15,10
0,1,501289,20,9
0,1,501225,19,9
0,1,501161,18,9
0,1,501097,17,9
0,1,501033,16,9
0,1,500969,15,9
0,1,501288,20,8
0,1,501224,19,8
0,1,501160,18,8
0,1,501096,17,8
0,1,501032,16,8
0,1,500968,15,8
0,1,501287,20,7
0,1,501223,19,7
0,1,501159,18,7
0,1,501095,17,7
0,1,501031,16,7
0,1,500967,15,7
0,1,501286,20,6
0,1,501222,19,6
0,1,501158,18,6
0,1,501094,17,6
0,1,501030,16,6
0,1,500966,15,6
0,1,501285,20,5
0,1,501221,19,5
0,1,501157,18,5
0,1,501093,17,5
0,1,501029,16,5
0,1,500965,15,5
0,1,501284,20,4
0,1,501220,19,4
0,1,501156,18,4
0,1,501092,17,4
0,1,501028,16,4
0,1,500964,15,4
0,1,501283,20,3
0,1,501219,19,3
0,1,501155,18,3
0,1,501091,17,3
0,1,501027,16,3
0,1,500963,15,3
0,1,501282,20,2
0,1,501218,19,2
0,1,501154,18,2
0,1,501090,17,2
0,1,501026,16,2
0,1,500962,15,2
0,1,501281,20,1
0,1,501217,19,1
0,1,501153,18,1
0,1,501089,17,1
0,1,501025,16,1
0,1,500961,15,1
0,2,501034,16,10
0,2,500970,15,10
0,2,300906,14,10
0,2,100842,13,10
0,2,100778,12,10
0,2,100714,11,10
0,2,501033,16,9
0,2,500969,15,9
0,2,300905,14,9
0,2,100841,13,9
0,2,100777,12,9
0,2,100713,11,9
0,2,501032,16,8
0,2,500968,15,8
0,2,300904,14,8
0,2,100840,13,8
0,2,100776,12,8
0,2,100712,11,8
0,2,501031,16,7
0,2,500967,15,7
0,2,300903,14,7
0,2,100839,13,7
0,2,100775,12,7
0,2,100711,11,7
0,2,501030,16,6
0,2,500966,15,6
0,2,300902,14,6
0,2,100838,13,6
0,2,100774,12,6
0,2,100710,11,6
0,2,501029,16,5
0,2,500965,15,5
0,2,300901,14,5
0,2,100837,13,5
0,2,100773,12,5
0,2,100709,11,5
0,2,501028,16,4
0,2,500964,15,4
0,2,300900,14,4
0,2,100836,13,4
0,2,100772,12,4
0,2,100708,11,4
0,2,501027,16,3
0,2,500963,15,3
0,2,300899,14,3
0,2,100835,13,3
0,2,100771,12,3
0,2,100707,11,3
0,2,501026,16,2
0,2,500962,15,2
0,2,300898,14,2
0,2,100834,13,2
0,2,100770,12,2
0,2,100706,11,2
0,2,501025,16,1
0,2,500961,15,1
0,2,300897,14,1
0,2,100833,13,1
0,2,100769,12,1
0,2,100705,11,1
0,3,100778,12,10
0,3,100714,11,10
0,3,100650,10,10
0,3,100586,9,10
0,3,100522,8,10
0,3,100458,7,10
0,3,100777,12,9
0,3,100713,11,9
0,3,100649,10,9
0,3,100585,9,9
0,3,100521,8,9
0,3,100457,7,9
0,3,100776,12,8
0,3,100712,11,8
0,3,100648,10,8
0,3,100584,9,8
0,3,100520,8,8
0,3,100456,7,8
0,3,100775,12,7
0,3,100711,11,7
0,3,100647,10,7
0,3,100583,9,7
0,3,100519,8,7
0,3,100455,7,7
0,3,100774,12,6
0,3,100710,11,6
0,3,100646,10,6
0,3,100582,9,6
0,3,100518,8,6
0,3,100454,7,6
0,3,100773,12,5
0,3,100709,11,5
0,3,100645,10,5
0,3,100581,9,5
0,3,100517,8,5
0,3,100453,7,5
0,3,100772,12,4
0,3,100708,11,4
0,3,100644,10,4
0,3,100580,9,4
0,3,100516,8,4
0,3,100452,7,4
0,3,100771,12,3
0,3,100707,11,3
0,3,100643,10,3
0,3,100579,9,3
0,3,100515,8,3
0,3,100451,7,3
0,3,100770,12,2
0,3,100706,11,2
0,3,100642,10,2
0,3,100578,9,2
0,3,100514,8,2
0,3,100450,7,2
0,3,100769,12,1
0,3,100705,11,1
0,3,100641,10,1
0,3,100577,9,1
0,3,100513,8,1
0,3,100449,7,1
3,0,501554,24,18
3,0,501490,23,18
3,0,501426,22,18
3,0,501362,21,18
3,0,501298,20,18
3,0,501234,19,18
3,0,501553,24,17
3,0,501489,23,17
3,0,501425,22,17
3,0,501361,21,17
3,0,501297,20,17
3,0,501233,19,17
3,0,501552,24,16
3,0,501488,23,16
3,0,501424,22,16
3,0,501360,21,16
3,0,501296,20,16
3,0,501232,19,16
3,0,501551,24,15
3,0,501487,23,15
3,0,501423,22,15
3,0,501359,21,15
3,0,501295,20,15
3,0,501231,19,15
3,0,501550,24,14
3,0,501486,23,14
3,0,501422,22,14
3,0,501358,21,14
3,0,501294,20,14
3,0,501230,19,14
3,0,501549,24,13
3,0,501485,23,13
3,0,501421,22,13
3,0,501357,21,13
3,0,501293,20,13
3,0,501229,19,13
3,0,501548,24,12
3,0,501484,23,12
3,0,501420,22,12
3,0,501356,21,12
3,0,501292,20,12
3,0,501228,19,12
3,0,501547,24,11
3,0,501483,23,11
3,0,501419,22,11
3,0,501355,21,11
3,0,501291,20,11
3,0,501227,19,11
3,0,501546,24,10
3,0,501482,23,10
3,0,501418,22,10
3,0,501354,21,10
3,0,501290,20,10
3,0,501226,19,10
3,0,501545,24,9
3,0,501481,23,9
3,0,501417,22,9
3,0,501353,21,9
3,0,501289,20,9
3,0,501225,19,9
3,1,501298,20,18
3,1,501234,19,18
3,1,501170,18,18
3,1,501106,17,18
3,1,501042,16,18
3,1,500978,15,18
3,1,501297,20,17
3,1,501233,19,17
3,1,501169,18,17
3,1,501105,17,17
3,1,501041,16,17
3,1,500977,15,17
3,1,501296,20,16
3,1,501232,19,16
3,1,501168,18,16
3,1,501104,17,16
3,1,501040,16,16
3,1,500976,15,16
3,1,501295,20,15
3,1,501231,19,15
3,1,501167,18,15
3,1,501103,17,15
3,1,501039,16,15
3,1,500975,15,15
3,1,501294,20,14
3,1,501230,19,14
3,1,501166,18,14
3,1,501102,17,14
3,1,501038,16,14
3,1,500974,15,14
3,1,501293,20,13
3,1,501229,19,13
3,1,501165,18,13
3,1,501101,17,13
3,1,501037,16,13
3,1,500973,15,13
3,1,501292,20,12
3,1,501228,19,12
3,1,501164,18,12
3,1,501100,17,12
3,1,501036,16,12
3,1,500972,15,12
3,1,501291,20,11
3,1,501227,19,11
3,1,501163,18,11
3,1,501099,17,11
3,1,501035,16,11
3,1,500971,15,11
3,1,501290,20,10
3,1,501226,19,10
3,1,501162,18,10
3,1,501098,17,10
3,1,501034,16,10
3,1,500970,15,10
3,1,501289,20,9
3,1,501225,19,9
3,1,501161,18,9
3,1,501097,17,9
3,1,501033,16,9
3,1,500969,15,9
3,2,501042,16,18
3,2,500978,15,18
3,2,300914,14,18
3,2,100850,13,18
3,2,100786,12,18
3,2,100722,11,18
3,2,501041,16,17
3,2,500977,15,17
3,2,300913,14,17
3,2,100849,13,17
3,2,100785,12,17
3,2,100721,11,17
3,2,501040,16,16
3,2,500976,15,16
3,2,300912,14,16
3,2,100848,13,16
3,2,100784,12,16
3,2,100720,11,16
3,2,501039,16,15
3,2,500975,15,15
3,2,300911,14,15
3,2,100847,13,15
3,2,100783,12,15
3,2,100719,11,15
3,2,501038,16,14
3,2,500974,15,14
3,2,300910,14,14
3,2,100846,13,14
3,2,100782,12,14
3,2,100718,11,14
3,2,501037,16,13
3,2,500973,15,13
3,2,300909,14,13
3,2,100845,13,13
3,2,100781,12,13
3,2,100717,11,13
3,2,501036,16,12
3,2,500972,15,12
3,2,300908,14,12
3,2,100844,13,12
3,2,100780,12,12
3,2,100716,11,12
3,2,501035,16,11
3,2,500971,15,11
3,2,300907,14,11
3,2,100843,13,11
3,2,100779,12,11
3,2,100715,11,11
3,2,501034,16,10
3,2,500970,15,10
3,2,300906,14,10
3,2,100842,13,10
3,2,100778,12,10
3,2,100714,11,10
3,2,501033,16,9
3,2,500969,15,9
3,2,300905,14,9
3,2,100841,13,9
3,2,100777,12,9
3,2,100713,11,9
3,3,100786,12,18
3,3,100722,11,18
3,3,100658,10,18
3,3,100594,9,18
3,3,100530,8,18
3,3,100466,7,18
3,3,100785,12,17
3,3,100721,11,17
3,3,100657,10,17
3,3,100593,9,17
3,3,100529,8,17
3,3,100465,7,17
3,3,100784,12,16
3,3,100720,11,16
3,3,100656,10,16
3,3,100592,9,16
3,3,100528,8,16
3,3,100464,7,16
3,3,100783,12,15
3,3,100719,11,15
3,3,100655,10,15
3,3,100591,9,15
3,3,100527,8,15
3,3,100463,7,15
3,3,100782,12,14
3,3,100718,11,14
3,3,100654,10,14
3,3,100590,9,14
3,3,100526,8,14
3,3,100462,7,14
3,3,100781,12,13
3,3,100717,11,13
3,3,100653,10,13
3,3,100589,9,13
3,3,100525,8,13
3,3,100461,7,13
3,3,100780,12,12
3,3,100716,11,12
3,3,100652,10,12
3,3,100588,9,12
3,3,100524,8,12
3,3,100460,7,12
3,3,100779,12,11
3,3,100715,11,11
3,3,100651,10,11
3,3,100587,9,11
3,3,100523,8,11
3,3,100459,7,11
3,3,100778,12,10
3,3,100714,11,10
3,3,100650,10,10
3,3,100586,9,10
3,3,100522,8,10
3,3,100458,7,10
3,3,100777,12,9
3,3,100713,11,9
3,3,100649,10,9
3,3,100585,9,9
3,3,100521,8,9
3,3,100457,7,9
6,0,501562,24,26
6,0,501498,23,26
6,0,501434,22,26
6,0,501370,21,26
6,0,501306,20,26
6,0,501242,19,26
6,0,501561,24,25
6,0,501497,23,25
6,0,501433,22,25
6,0,501369,21,25
6,0,501305,20,25
6,0,501241,19,25
6,0,501560,24,24
6,0,501496,23,24
6,0,501432,22,24
6,0,501368,21,24
6,0,501304,20,24
6,0,501240,19,24
6,0,501559,24,23
6,0,501495,23,23
6,0,501431,22,23
6,0,501367,21,23
6,0,501303,20,23
6,0,501239,19,23
6,0,501558,24,22
6,0,501494,23,22
6,0,501430,22,22
6,0,501366,21,22
6,0,501302,20,22
6,0,501238,19,22
6,0,501557,24,21
6,0,501493,23,21
6,0,501429,22,21
6,0,501365,21,21
6,0,501301,20,21
6,0,501237,19,21
6,0,501556,24,20
6,0,501492,23,20
6,0,501428,22,20
6,0,501364,21,20
6,0,501300,20,20
6,0,501236,19,20
6,0,501555,24,19
6,0,501491,23,19
6,0,501427,22,19
6,0,501363,21,19
6,0,501299,20,19
6,0,501235,19,19
6,0,501554,24,18
6,0,501490,23,18
6,0,501426,22,18
6,0,501362,21,18
6,0,501298,20,18
6,0,501234,19,18
6,0,501553,24,17
6,0,501489,23,17
6,0,501425,22,17
6,0,501361,21,17
6,0,501297,20,17
6,0,501233,19,17
6,1,501306,20,26
6,1,501242,19,26
6,1,501178,18,26
6,1,501114,17,26
6,1,501050,16,26
6,1,500986,15,26
6,1,501305,20,25
6,1,501241,19,25
6,1,501177,18,25
6,1,501113,17,25
6,1,501049,16,25
6,1,500985,15,25
6,1,501304,20,24
6,1,501240,19,24
6,1,501176,18,24
6,1,501112,17,24
6,1,501048,16,24
6,1,500984,15,24
6,1,501303,20,23
6,1,501239,19,23
6,1,501175,18,23
6,1,501111,17,23
6,1,501047,16,23
6,1,500983,15,23
6,1,501302,20,22
6,1,501238,19,22
6,1,501174,18,22
6,1,501110,17,22
6,1,501046,16,22
6,1,500982,15,22
6,1,501301,20,21
6,1,501237,19,21
6,1,501173,18,21
6,1,501109,17,21
6,1,501045,16,21
6,1,500981,15,21
6,1,501300,20,20
6,1,501236,19,20
6,1,501172,18,20
6,1,501108,17,20
6,1,501044,16,20
6,1,500980,15,20
6,1,501299,20,19
6,1,501235,19,19
6,1,501171,18,19
6,1,501107,17,19
6,1,501043,16,19
6,1,500979,15,19
6,1,501298,20,18
6,1,501234,19,18
6,1,501170,18,18
6,1,501106,17,18
6,1,501042,16,18
6,1,500978,15,18
6,1,501297,20,17
6,1,501233,19,17
6,1,501169,18,17
6,1,501105,17,17
6,1,501041,16,17
6,1,500977,15,17
6,2,501050,16,26
6,2,500986,15,26
6,2,300922,14,26
6,2,100858,13,26
6,2,100794,12,26
6,2,100730,11,26
6,2,501049,16,25
6,2,500985,15,25
6,2,300921,14,25
6,2,100857,13,25
6,2,100793,12,25
6,2,100729,11,25
6,2,501048,16,24
6,2,500984,15,24
6,2,300920,14,24
6,2,100856,13,24
6,2,100792,12,24
6,2,100728,11,24
6,2,501047,16,23
6,2,500983,15,23
6,2,300919,14,23
6,2,100855,13,23
6,2,100791,12,23
6,2,100727,11,23
6,2,501046,16,22
6,2,500982,15,22
6,2,300918,14,22
6,2,100854,13,22
6,2,100790,12,22
6,2,100726,11,22
6,2,501045,16,21
6,2,500981,15,21
6,2,300917,14,21
6,2,100853,13,21
6,2,100789,12,21
6,2,100725,11,21
6,2,501044,16,20
6,2,500980,15,20
6,2,300916,14,20
6,2,100852,13,20
6,2,100788,12,20
6,2,100724,11,20
6,2,501043,16,19
6,2,500979,15,19
6,2,300915,14,19
6,2,100851,13,19
6,2,100787,12,19
6,2,100723,11,19
6,2,501042,16,18
6,2,500978,15,18
6,2,300914,14,18
6,2,100850,13,18
6,2,100786,12,18
6,2,100722,11,18
6,2,501041,16,17
6,2,500977,15,17
6,2,300913,14,17
6,2,100849,13,17
6,2,100785,12,17
6,2,100721,11,17
6,3,100794,12,26
6,3,100730,11,26
6,3,100666,10,26
6,3,100602,9,26
6,3,100538,8,26
6,3,100474,7,26
6,3,100793,12,25
6,3,100729,11,25
6,3,100665,10,25
6,3,100601,9,25
6,3,100537,8,25
6,3,100473,7,25
6,3,100792,12,24
6,3,100728,11,24
6,3,100664,10,24
6,3,100600,9,24
6,3,100536,8,24
6,3,100472,7,24
6,3,100791,12,23
6,3,100727,11,23
6,3,100663,10,23
6,3,100599,9,23
6,3,100535,8,23
6,3,100471,7,23
6,3,100790,12,22
6,3,100726,11,22
6,3,100662,10,22
6,3,100598,9,22
6,3,100534,8,22
6,3,100470,7,22
6,3,100789,12,21
6,3,100725,11,21
6,3,100661,10,21
6,3,100597,9,21
6,3,100533,8,21
6,3,100469,7,21
6,3,100788,12,20
6,3,100724,11,20
6,3,100660,10,20
6,3,100596,9,20
6,3,100532,8,20
6,3,100468,7,20
6,3,100787,12,19
6,3,100723,11,19
6,3,100659,10,19
6,3,100595,9,19
6,3,100531,8,19
6,3,100467,7,19
6,3,100786,12,18
6,3,100722,11,18
6,3,100658,10,18
6,3,100594,9,18
6,3,100530,8,18
6,3,100466,7,18
6,3,100785,12,17
6,3,100721,11,17
6,3,100657,10,17
6,3,100593,9,17
6,3,100529,8,17
6,3,100465,7,17
9,0,501570,24,34
9,0,501506,23,34
9,0,501442,22,34
9,0,501378,21,34
9,0,501314,20,34
9,0,501250,19,34
9,0,501569,24,33
9,0,501505,23,33
9,0,501441,22,33
9,0,501377,21,33
9,0,501313,20,33
9,0,501249,19,33
9,0,501568,24,32
9,0,501504,23,32
9,0,501440,22,32
9,0,501376,21,32
9,0,501312,20,32
9,0,501248,19,32
9,0,501567,24,31
9,0,501503,23,31
9,0,501439,22,31
9,0,501375,21,31
9,0,501311,20,31
9,0,501247,19,31
9,0,501566,24,30
9,0,501502,23,30
9,0,501438,22,30
9,0,501374,21,30
9,0,501310,20,30
9,0,501246,19,30
9,0,501565,24,29
9,0,501501,23,29
9,0,501437,22,29
9,0,501373,21,29
9,0,501309,20,29
9,0,501245,19,29
9,0,501564,24,28
9,0,501500,23,28
9,0,501436,22,28
9,0,501372,21,28
9,0,501308,20,28
9,0,501244,19,28
9,0,501563,24,27
9,0,501499,23,27
9,0,501435,22,27
9,0,501371,21,27
9,0,501307,20,27
9,0,501243,19,27
9,0,501562,24,26
9,0,501498,23,26
9,0,501434,22,26
9,0,501370,21,26
9,0,501306,20,26
9,0,501242,19,26
9,0,501561,24,25
9,0,501497,23,25
9,0,501433,22,25
9,0,501369,21,25
9,0,501305,20,25
9,0,501241,19,25
9,1,501314,20,34
9,1,501250,19,34
9,1,501186,18,34
9,1,501122,17,34
9,1,501058,16,34
9,1,500994,15,34
9,1,501313,20,33
9,1,501249,19,33
9,1,501185,18,33
9,1,501121,17,33
9,1,501057,16,33
9,1,500993,15,33
9,1,501312,20,32
9,1,501248,19,32
9,1,501184,18,32
9,1,501120,17,32
9,1,501056,16,32
9,1,500992,15,32
9,1,501311,20,31
9,1,501247,19,31
9,1,501183,18,31
9,1,501119,17,31
9,1,501055,16,31
9,1,500991,15,31
9,1,501310,20,30
9,1,501246,19,30
9,1,501182,18,30
9,1,501118,17,30
9,1,501054,16,30
9,1,500990,15,30
9,1,501309,20,29
9,1,501245,19,29
9,1,501181,18,29
9,1,501117,17,29
9,1,501053,16,29
9,1,500989,15,29
9,1,501308,20,28
9,1,501244,19,28
9,1,501180,18,28
9,1,501116,17,28
9,1,501052,16,28
9,1,500988,15,28
9,1,501307,20,27
9,1,501243,19,27
9,1,501179,18,27
9,1,501115,17,27
9,1,501051,16,27
9,1,500987,15,27
9,1,501306,20,26
9,1,501242,19,26
9,1,501178,18,26
9,1,501114,17,26
9,1,501050,16,26
9,1,500986,15,26
9,1,501305,20,25
9,1,501241,19,25
9,1,501177,18,25
9,1,501113,17,25
9,1,501049,16,25
9,1,500985,15,25
9,2,501058,16,34
9,2,500994,15,34
9,2,300930,14,34
9,2,100866,13,34
9,2,100802,12,34
9,2,100738,11,34
9,2,501057,16,33
9,2,500993,15,33
9,2,300929,14,33
9,2,100865,13,33
9,2,100801,12,33
9,2,100737,11,33
9,2,501056,16,32
9,2,500992,15,32
9,2,300928,14,32
9,2,100864,13,32
9,2,100800,12,32
9,2,100736,11,32
9,2,501055,16,31
9,2,500991,15,31
9,2,300927,14,31
9,2,100863,13,31
9,2,100799,12,31
9,2,100735,11,31
9,2,501054,16,30
9,2,500990,15,30
9,2,300926,14,30
9,2,100862,13,30
9,2,100798,12,30
9,2,100734,11,30
9,2,501053,16,29
9,2,500989,15,29
9,2,300925,14,29
9,2,100861,13,29
9,2,100797,12,29
9,2,100733,11,29
9,2,501052,16,28
9,2,500988,15,28
9,2,300924,14,28
9,2,100860,13,28
9,2,100796,12,28
9,2,100732,11,28
9,2,501051,16,27
9,2,500987,15,27
9,2,300923,14,27
9,2,100859,13,27
9,2,100795,12,27
9,2,100731,11,27
9,2,501050,16,26
9,2,500986,15,26
9,2,300922,14,26
9,2,100858,13,26
9,2,100794,12,26
9,2,100730,11,26
9,2,501049,16,25
9,2,500985,15,25
9,2,300921,14,25
9,2,100857,13,25
9,2,100793,12,25
9,2,100729,11,25
9,3,100802,12,34
9,3,100738,11,34
9,3,100674,10,34
9,3,100610,9,34
9,3,100546,8,34
9,3,100482,7,34
9,3,100801,12,33
9,3,100737,11,33
9,3,100673,10,33
9,3,100609,9,33
9,3,100545,8,33
9,3,100481,7,33
9,3,100800,12,32
9,3,100736,11,32
9,3,100672,10,32
9,3,100608,9,32
9,3,100544,8,32
9,3,100480,7,32
9,3,100799,12,31
9,3,100735,11,31
9,3,100671,10,31
9,3,100607,9,31
9,3,100543,8,31
9,3,100479,7,31
9,3,100798,12,30
9,3,100734,11,30
9,3,100670,10,30
9,3,100606,9,30
9,3,100542,8,30
9,3,100478,7,30
9,3,100797,12,29
9,3,100733,11,29
9,3,100669,10,29
9,3,100605,9,29
9,3,100541,8,29
9,3,100477,7,29
9,3,100796,12,28
9,3,100732,11,28
9,3,100668,10,28
9,3,100604,9,28
9,3,100540,8,28
9,3,100476,7,28
9,3,100795,12,27
9,3,100731,11,27
9,3,100667,10,27
9,3,100603,9,27
9,3,100539,8,27
9,3,100475,7,27
9,3,100794,12,26
9,3,100730,11,26
9,3,100666,10,26
9,3,100602,9,26
9,3,100538,8,26
9,3,100474,7,26
9,3,100793,12,25
9,3,100729,11,25
9,3,100665,10,25
9,3,100601,9,25
9,3,100537,8,25
9,3,100473,7,25
12,0,501578,24,42
12,0,501514,23,42
12,0,501450,22,42
12,0,501386,21,42
12,0,501322,20,42
12,0,501258,19,42
12,0,501577,24,41
12,0,501513,23,41
12,0,501449,22,41
12,0,501385,21,41
12,0,501321,20,41
12,0,501257,19,41
12,0,501576,24,40
12,0,501512,23,40
12,0,501448,22,40
12,0,501384,21,40
12,0,501320,20,40
12,0,501256,19,40
12,0,501575,24,39
12,0,501511,23,39
12,0,501447,22,39
12,0,501383,21,39
12,0,501319,20,39
12,0,501255,19,39
12,0,501574,24,38
12,0,501510,23,38
12,0,501446,22,38
12,0,501382,21,38
12,0,501318,20,38
12,0,501254,19,38
12,0,501573,24,37
12,0,501509,23,37
12,0,501445,22,37
12,0,501381,21,37
12,0,501317,20,37
12,0,501253,19,37
12,0,501572,24,36
12,0,501508,23,36
12,0,501444,22,36
12,0,501380,21,36
12,0,501316,20,36
12,0,501252,19,36
12,0,501571,24,35
12,0,501507,23,35
12,0,501443,22,35
12,0,501379,21,35
12,0,501315,20,35
12,0,501251,19,35
12,0,501570,24,34
12,0,501506,23,34
12,0,501442,22,34
12,0,501378,21,34
12,0,501314,20,34
12,0,501250,19,34
12,0,501569,24,33
12,0,501505,23,33
12,0,501441,22,33
12,0,501377,21,33
12,0,501313,20,33
12,0,501249,19,33
12,1,501322,20,42
12,1,501258,19,42
12,1,501194,18,42
12,1,501130,17,42
12,1,501066,16,42
12,1,501002,15,42
12,1,501321,20,41
12,1,501257,19,41
12,1,501193,18,41
12,1,501129,17,41
12,1,501065,16,41
12,1,501001,15,41
12,1,501320,20,40
12,1,501256,19,40
12,1,501192,18,40
12,1,501128,17,40
12,1,501064,16,40
12,1,501000,15,40
12,1,501319,20,39
12,1,501255,19,39
12,1,501191,18,39
12,1,501127,17,39
12,1,501063,16,39
12,1,500999,15,39
12,1,501318,20,38
12,1,501254,19,38
12,1,501190,18,38
12,1,501126,17,38
12,1,501062,16,38
12,1,500998,15,38
12,1,501317,20,37
12,1,501253,19,37
12,1,501189,18,37
12,1,501125,17,37
12,1,501061,16,37
12,1,500997,15,37
12,1,501316,20,36
12,1,501252,19,36
12,1,501188,18,36
12,1,501124,17,36
12,1,501060,16,36
12,1,500996,15,36
12,1,501315,20,35
12,1,501251,19,35
12,1,501187,18,35
12,1,501123,17,35
12,1,501059,16,35
12,1,500995,15,35
12,1,501314,20,34
12,1,501250,19,34
12,1,501186,18,34
12,1,501122,17,34
12,1,501058,16,34
12,1,500994,15,34
12,1,501313,20,33
12,1,501249,19,33
12,1,501185,18,33
12,1,501121,17,33
12,1,501057,16,33
12,1,500993,15,33
12,2,501066,16,42
12,2,501002,15,42
12,2,300938,14,42
12,2,100874,13,42
12,2,100810,12,42
12,2,100746,11,42
12,2,501065,16,41
12,2,501001,15,41
12,2,300937,14,41
12,2,100873,13,41
12,2,100809,12,41
12,2,100745,11,41
12,2,501064,16,40
12,2,501000,15,40
12,2,300936,14,40
12,2,100872,13,40
12,2,100808,12,40
12,2,100744,11,40
12,2,501063,16,39
12,2,500999,15,39
12,2,300935,14,39
12,2,100871,13,39
12,2,100807,12,39
12,2,100743,11,39
12,2,501062,16,38
12,2,500998,15,38
12,2,300934,14,38
12,2,100870,13,38
12,2,100806,12,38
12,2,100742,11,38
12,2,501061,16,37
12,2,500997,15,37
12,2,300933,14,37
12,2,100869,13,37
12,2,100805,12,37
12,2,100741,11,37
12,2,501060,16,36
12,2,500996,15,36
12,2,300932,14,36
12,2,100868,13,36
12,2,100804,12,36
12,2,100740,11,36
12,2,501059,16,35
12,2,500995,15,35
12,2,300931,14,35
12,2,100867,13,35
12,2,100803,12,35
12,2,100739,11,35
12,2,501058,16,34
12,2,500994,15,34
12,2,300930,14,34
12,2,100866,13,34
12,2,100802,12,34
12,2,100738,11,34
12,2,501057,16,33
12,2,500993,15,33
12,2,300929,14,33
12,2,100865,13,33
12,2,100801,12,33
12,2,100737,11,33
12,3,100810,12,42
12,3,100746,11,42
12,3,100682,10,42
12,3,100618,9,42
12,3,100554,8,42
12,3,100490,7,42
12,3,100809,12,41
12,3,100745,11,41
12,3,100681,10,41
12,3,100617,9,41
12,3,100553,8,41
12,3,100489,7,41
12,3,100808,12,40
12,3,100744,11,40
12,3,100680,10,40
12,3,100616,9,40
12,3,100552,8,40
12,3,100488,7,40
12,3,100807,12,39
12,3,100743,11,39
12,3,100679,10,39
12,3,100615,9,39
12,3,100551,8,39
12,3,100487,7,39
12,3,100806,12,38
12,3,100742,11,38
12,3,100678,10,38
12,3,100614,9,38
12,3,100550,8,38
12,3,100486,7,38
12,3,100805,12,37
12,3,100741,11,37
12,3,100677,10,37
12,3,100613,9,37
12,3,100549,8,37
12,3,100485,7,37
12,3,100804,12,36
12,3,100740,11,36
12,3,100676,10,36
12,3,100612,9,36
12,3,100548,8,36
12,3,100484,7,36
12,3,100803,12,35
12,3,100739,11,35
12,3,100675,10,35
12,3,100611,9,35
12,3,100547,8,35
12,3,100483,7,35
12,3,100802,12,34
12,3,100738,11,34
12,3,100674,10,34
12,3,100610,9,34
12,3,100546,8,34
12,3,100482,7,34
12,3,100801,12,33
12,3,100737,11,33
12,3,100673,10,33
12,3,100609,9,33
12,3,100545,8,33
12,3,100481,7,33
15,0,501586,24,50
15,0,501522,23,50
15,0,501458,22,50
15,0,501394,21,50
15,0,501330,20,50
15,0,501266,19,50
15,0,501585,24,49
15,0,501521,23,49
15,0,501457,22,49
15,0,501393,21,49
15,0,501329,20,49
15,0,501265,19,49
15,0,501584,24,48
15,0,501520,23,48
15,0,501456,22,48
15,0,501392,21,48
15,0,501328,20,48
15,0,501264,19,48
15,0,501583,24,47
15,0,501519,23,47
15,0,501455,22,47
15,0,501391,21,47
15,0,501327,20,47
15,0,501263,19,47
15,0,501582,24,46
15,0,501518,23,46
15,0,501454,22,46
15,0,501390,21,46
15,0,501326,20,46
15,0,501262,19,46
15,0,501581,24,45
15,0,501517,23,45
15,0,501453,22,45
15,0,501389,21,45
15,0,501325,20,45
15,0,501261,19,45
15,0,501580,24,44
15,0,501516,23,44
15,0,501452,22,44
15,0,501388,21,44
15,0,501324,20,44
15,0,501260,19,44
15,0,501579,24,43
15,0,501515,23,43
15,0,501451,22,43
15,0,501387,21,43
15,0,501323,20,43
15,0,501259,19,43
15,0,501578,24,42
15,0,501514,23,42
15,0,501450,22,42
15,0,501386,21,42
15,0,501322,20,42
15,0,501258,19,42
15,0,501577,24,41
15,0,501513,23,41
15,0,501449,22,41
15,0,501385,21,41
15,0,501321,20,41
15,0,501257,19,41
15,1,501330,20,50
15,1,501266,19,50
15,1,501202,18,50
15,1,501138,17,50
15,1,501074,16,50
15,1,501010,15,50
15,1,501329,20,49
15,1,501265,19,49
15,1,501201,18,49
15,1,501137,17,49
15,1,501073,16,49
15,1,501009,15,49
15,1,501328,20,48
15,1,501264,19,48
15,1,501200,18,48
15,1,501136,17,48
15,1,501072,16,48
15,1,501008,15,48
15,1,501327,20,47
15,1,501263,19,47
15,1,501199,18,47
15,1,501135,17,47
15,1,501071,16,47
15,1,501007,15,47
15,1,501326,20,46
15,1,501262,19,46
15,1,501198,18,46
15,1,501134,17,46
15,1,501070,16,46
15,1,501006,15,46
15,1,501325,20,45
15,1,501261,19,45
15,1,501197,18,45
15,1,501133,17,45
15,1,501069,16,45
15,1,501005,15,45
15,1,501324,20,44
15,1,501260,19,44
15,1,501196,18,44
15,1,501132,17,44
15,1,501068,16,44
15,1,501004,15,44
15,1,501323,20,43
15,1,501259,19,43
15,1,501195,18,43
15,1,501131,17,43
15,1,501067,16,43
15,1,501003,15,43
15,1,501322,20,42
15,1,501258,19,42
15,1,501194,18,42
15,1,501130,17,42
15,1,501066,16,42
15,1,501002,15,42
15,1,501321,20,41
15,1,501257,19,41
15,1,501193,18,41
15,1,501129,17,41
15,1,501065,16,41
15,1,501001,15,41
15,2,501074,16,50
15,2,501010,15,50
15,2,300946,14,50
15,2,100882,13,50
15,2,100818,12,50
15,2,100754,11,50
15,2,501073,16,49
15,2,501009,15,49
15,2,300945,14,49
15,2,100881,13,49
15,2,100817,12,49
15,2,100753,11,49
15,2,501072,16,48
15,2,501008,15,48
15,2,300944,14,48
15,2,100880,13,48
15,2,100816,12,48
15,2,100752,11,48
15,2,501071,16,47
15,2,501007,15,47
15,2,300943,14,47
15,2,100879,13,47
15,2,100815,12,47
15,2,100751,11,47
15,2,501070,16,46
15,2,501006,15,46
15,2,300942,14,46
15,2,100878,13,46
15,2,100814,12,46
15,2,100750,11,46
15,2,501069,16,45
15,2,501005,15,45
15,2,300941,14,45
15,2,100877,13,45
15,2,100813,12,45
15,2,100749,11,45
15,2,501068,16,44
15,2,501004,15,44
15,2,300940,14,44
15,2,100876,13,44
15,2,100812,12,44
15,2,100748,11,44
15,2,501067,16,43
15,2,501003,15,43
15,2,300939,14,43
15,2,100875,13,43
15,2,100811,12,43
15,2,100747,11,43
15,2,501066,16,42
15,2,501002,15,42
15,2,300938,14,42
15,2,100874,13,42
15,2,100810,12,42
15,2,100746,11,42
15,2,501065,16,41
15,2,501001,15,41
15,2,300937,14,41
15,2,100873,13,41
15,2,100809,12,41
15,2,100745,11,41
15,3,100818,12,50
15,3,100754,11,50
15,3,100690,10,50
15,3,100626,9,50
15,3,100562,8,50
15,3,100498,7,50
15,3,100817,12,49
15,3,100753,11,49
15,3,100689,10,49
15,3,100625,9,49
15,3,100561,8,49
15,3,100497,7,49
15,3,100816,12,48
15,3,100752,11,48
15,3,100688,10,48
15,3,100624,9,48
15,3,100560,8,48
15,3,100496,7,48
15,3,100815,12,47
15,3,100751,11,47
15,3,100687,10,47
15,3,100623,9,47
15,3,100559,8,47
15,3,100495,7,47
15,3,100814,12,46
15,3,100750,11,46
15,3,100686,10,46
15,3,100622,9,46
15,3,100558,8,46
15,3,100494,7,46
15,3,100813,12,45
15,3,100749,11,45
15,3,100685,10,45
15,3,100621,9,45
15,3,100557,8,45
15,3,100493,7,45
15,3,100812,12,44
15,3,100748,11,44
15,3,100684,10,44
15,3,100620,9,44
15,3,100556,8,44
15,3,100492,7,44
15,3,100811,12,43
15,3,100747,11,43
15,3,100683,10,43
15,3,100619,9,43
15,3,100555,8,43
15,3,100491,7,43
15,3,100810,12,42
15,3,100746,11,42
15,3,100682,10,42
15,3,100618,9,42
15,3,100554,8,42
15,3,100490,7,42
15,3,100809,12,41
15,3,100745,11,41
15,3,100681,10,41
15,3,100617,9,41
15,3,100553,8,41
15,3,100489,7,41
18,0,501594,24,58
18,0,501530,23,58
18,0,501466,22,58
18,0,501402,21,58
18,0,501338,20,58
18,0,501274,19,58
18,0,501593,24,57
18,0,501529,23,57
18,0,501465,22,57
18,0,501401,21,57
18,0,501337,20,57
18,0,501273,19,57
18,0,501592,24,56
18,0,501528,23,56
18,0,501464,22,56
18,0,501400,21,56
18,0,501336,20,56
18,0,501272,19,56
18,0,501591,24,55
18,0,501527,23,55
18,0,501463,22,55
18,0,501399,21,55
18,0,501335,20,55
18,0,501271,19,55
18,0,501590,24,54
18,0,501526,23,54
18,0,501462,22,54
18,0,501398,21,54
18,0,501334,20,54
18,0,501270,19,54
18,0,501589,24,53
18,0,501525,23,53
18,0,501461,22,53
18,0,501397,21,53
18,0,501333,20,53
18,0,501269,19,53
18,0,501588,24,52
18,0,501524,23,52
18,0,501460,22,52
18,0,501396,21,52
18,0,501332,20,52
18,0,501268,19,52
18,0,501587,24,51
18,0,501523,23,51
18,0,501459,22,51
18,0,501395,21,51
18,0,501331,20,51
18,0,501267,19,51
18,0,501586,24,50
18,0,501522,23,50
18,0,501458,22,50
18,0,501394,21,50
18,0,501330,20,50
18,0,501266,19,50
18,0,501585,24,49
18,0,501521,23,49
18,0,501457,22,49
18,0,501393,21,49
18,0,501329,20,49
18,0,501265,19,49
18,1,501338,20,58
18,1,501274,19,58
18,1,501210,18,58
18,1,501146,17,58
18,1,501082,16,58
18,1,501018,15,58
18,1,501337,20,57
18,1,501273,19,57
18,1,501209,18,57
18,1,501145,17,57
18,1,501081,16,57
18,1,501017,15,57
18,1,501336,20,56
18,1,501272,19,56
18,1,501208,18,56
18,1,501144,17,56
18,1,501080,16,56
18,1,501016,15,56
18,1,501335,20,55
18,1,501271,19,55
18,1,501207,18,55
18,1,501143,17,55
18,1,501079,16,55
18,1,501015,15,55
18,1,501334,20,54
18,1,501270,19,54
18,1,501206,18,54
18,1,501142,17,54
18,1,501078,16,54
18,1,501014,15,54
18,1,501333,20,53
18,1,501269,19,53
18,1,501205,18,53
18,1,501141,17,53
18,1,501077,16,53
18,1,501013,15,53
18,1,501332,20,52
18,1,501268,19,52
18,1,501204,18,52
18,1,501140,17,52
18,1,501076,16,52
18,1,501012,15,52
18,1,501331,20,51
18,1,501267,19,51
18,1,501203,18,51
18,1,501139,17,51
18,1,501075,16,51
18,1,501011,15,51
18,1,501330,20,50
18,1,501266,19,50
18,1,501202,18,50
18,1,501138,17,50
18,1,501074,16,50
18,1,501010,15,50
18,1,501329,20,49
18,1,501265,19,49
18,1,501201,18,49
18,1,501137,17,49
18,1,501073,16,49
18,1,501009,15,49
18,2,501082,16,58
18,2,501018,15,58
18,2,300954,14,58
18,2,100890,13,58
18,2,100826,12,58
18,2,100762,11,58
18,2,501081,16,57
18,2,501017,15,57
18,2,300953,14,57
18,2,100889,13,57
18,2,100825,12,57
18,2,100761,11,57
18,2,501080,16,56
18,2,501016,15,56
18,2,300952,14,56
18,2,100888,13,56
18,2,100824,12,56
18,2,100760,11,56
18,2,501079,16,55
18,2,501015,15,55
18,2,300951,14,55
18,2,100887,13,55
18,2,100823,12,55
18,2,100759,11,55
18,2,501078,16,54
18,2,501014,15,54
18,2,300950,14,54
18,2,100886,13,54
18,2,100822,12,54
18,2,100758,11,54
18,2,501077,16,53
18,2,501013,15,53
18,2,300949,14,53
18,2,100885,13,53
18,2,100821,12,53
18,2,100757,11,53
18,2,501076,16,52
18,2,501012,15,52
18,2,300948,14,52
18,2,100884,13,52
18,2,100820,12,52
18,2,100756,11,52
18,2,501075,16,51
18,2,501011,15,51
18,2,300947,14,51
18,2,100883,13,51
18,2,100819,12,51
18,2,100755,11,51
18,2,501074,16,50
18,2,501010,15,50
18,2,300946,14,50
18,2,100882,13,50
18,2,100818,12,50
18,2,100754,11,50
18,2,501073,16,49
18,2,501009,15,49
18,2,300945,14,49
18,2,100881,13,49
18,2,100817,12,49
18,2,100753,11,49
18,3,100826,12,58
18,3,100762,11,58
18,3,100698,10,58
18,3,100634,9,58
18,3,100570,8,58
18,3,100506,7,58
18,3,100825,12,57
18,3,100761,11,57
18,3,100697,10,57
18,3,100633,9,57
18,3,100569,8,57
18,3,100505,7,57
18,3,100824,12,56
18,3,100760,11,56
18,3,100696,10,56
18,3,100632,9,56
18,3,100568,8,56
18,3,100504,7,56
18,3,100823,12,55
18,3,100759,11,55
18,3,100695,10,55
18,3,100631,9,55
18,3,100567,8,55
18,3,100503,7,55
18,3,100822,12,54
18,3,100758,11,54
18,3,100694,10,54
18,3,100630,9,54
18,3,100566,8,54
18,3,100502,7,54
18,3,100821,12,53
18,3,100757,11,53
18,3,100693,10,53
18,3,100629,9,53
18,3,100565,8,53
18,3,100501,7,53
18,3,100820,12,52
18,3,100756,11,52
18,3,100692,10,52
18,3,100628,9,52
18,3,100564,8,52
18,3,100500,7,52
18,3,100819,12,51
18,3,100755,11,51
18,3,100691,10,51
18,3,100627,9,51
18,3,100563,8,51
18,3,100499,7,51
18,3,100818,12,50
18,3,100754,11,50
18,3,100690,10,50
18,3,100626,9,50
18,3,100562,8,50
18,3,100498,7,50
18,3,100817,12,49
18,3,100753,11,49
18,3,100689,10,49
18,3,100625,9,49
18,3,100561,8,49
18,3,100497,7,49
21,0,501538,24,2
21,0,501474,23,2
21,0,501410,22,2
21,0,501346,21,2
21,0,501282,20,2
21,0,501218,19,2
21,0,501537,24,1
21,0,501473,23,1
21,0,501409,22,1
21,0,501345,21,1
21,0,501281,20,1
21,0,501217,19,1
21,0,501536,24,0
21,0,501472,23,0
21,0,501408,22,0
21,0,501344,21,0
21,0,501280,20,0
21,0,501216,19,0
21,0,501599,24,63
21,0,501535,23,63
21,0,501471,22,63
21,0,501407,21,63
21,0,501343,20,63
21,0,501279,19,63
21,0,501598,24,62
21,0,501534,23,62
21,0,501470,22,62
21,0,501406,21,62
21,0,501342,20,62
21,0,501278,19,62
21,0,501597,24,61
21,0,501533,23,61
21,0,501469,22,61
21,0,501405,21,61
21,0,501341,20,61
21,0,501277,19,61
21,0,501596,24,60
21,0,501532,23,60
21,0,501468,22,60
21,0,501404,21,60
21,0,501340,20,60
21,0,501276,19,60
21,0,501595,24,59
21,0,501531,23,59
21,0,501467,22,59
21,0,501403,21,59
21,0,501339,20,59
21,0,501275,19,59
21,0,501594,24,58
21,0,501530,23,58
21,0,501466,22,58
21,0,501402,21,58
21,0,501338,20,58
21,0,501274,19,58
21,0,501593,24,57
21,0,501529,23,57
21,0,501465,22,57
21,0,501401,21,57
21,0,501337,20,57
21,0,501273,19,57
21,1,501282,20,2
21,1,501218,19,2
21,1,501154,18,2
21,1,501090,17,2
21,1,501026,16,2
21,1,500962,15,2
21,1,501281,20,1
21,1,501217,19,1
21,1,501153,18,1
21,1,501089,17,1
21,1,501025,16,1
21,1,500961,15,1
21,1,501280,20,0
21,1,501216,19,0
21,1,501152,18,0
21,1,501088,17,0
21,1,501024,16,0
21,1,500960,15,0
21,1,501343,20,63
21,1,501279,19,63
21,1,501215,18,63
21,1,501151,17,63
21,1,501087,16,63
21,1,501023,15,63
21,1,501342,20,62
21,1,501278,19,62
21,1,501214,18,62
21,1,501150,17,62
21,1,501086,16,62
21,1,501022,15,62
21,1,501341,20,61
21,1,501277,19,61
21,1,501213,18,61
21,1,501149,17,61
21,1,501085,16,61
21,1,501021,15,61
21,1,501340,20,60
21,1,501276,19,60
21,1,501212,18,60
21,1,501148,17,60
21,1,501084,16,60
21,1,501020,15,60
21,1,501339,20,59
21,1,501275,19,59
21,1,501211,18,59
21,1,501147,17,59
21,1,501083,16,59
21,1,501019,15,59
21,1,501338,20,58
21,1,501274,19,58
21,1,501210,18,58
21,1,501146,17,58
21,1,501082,16,58
21,1,501018,15,58
21,1,501337,20,57
21,1,501273,19,57
21,1,501209,18,57
21,1,501145,17,57
21,1,501081,16,57
21,1,501017,15,57
21,2,501026,16,2
21,2,500962,15,2
21,2,300898,14,2
21,2,100834,13,2
21,2,100770,12,2
21,2,100706,11,2
21,2,501025,16,1
21,2,500961,15,1
21,2,300897,14,1
21,2,100833,13,1
21,2,100769,12,1
21,2,100705,11,1
21,2,501024,16,0
21,2,500960,15,0
21,2,300896,14,0
21,2,100832,13,0
21,2,100768,12,0
21,2,100704,11,0
21,2,501087,16,63
21,2,501023,15,63
21,2,300959,14,63
21,2,100895,13,63
21,2,100831,12,63
21,2,100767,11,63
21,2,501086,16,62
21,2,501022,15,62
21,2,300958,14,62
21,2,100894,13,62
21,2,100830,12,62
21,2,100766,11,62
21,2,501085,16,61
21,2,501021,15,61
21,2,300957,14,61
21,2,100893,13,61
21,2,100829,12,61
21,2,100765,11,61
21,2,501084,16,60
21,2,501020,15,60
21,2,300956,14,60
21,2,100892,13,60
21,2,100828,12,60
21,2,100764,11,60
21,2,501083,16,59
21,2,501019,15,59
21,2,300955,14,59
21,2,100891,13,59
21,2,100827,12,59
21,2,100763,11,59
21,2,501082,16,58
21,2,501018,15,58
21,2,300954,14,58
21,2,100890,13,58
21,2,100826,12,58
21,2,100762,11,58
21,2,501081,16,57
21,2,501017,15,57
21,2,300953,14,57
21,2,100889,13,57
21,2,100825,12,57
21,2,100761,11,57
21,3,100770,12,2
21,3,100706,11,2
21,3,100642,10,2
21,3,100578,9,2
21,3,100514,8,2
21,3,100450,7,2
21,3,100769,12,1
21,3,100705,11,1
21,3,100641,10,1
21,3,100577,9,1
21,3,100513,8,1
21,3,100449,7,1
21,3,100768,12,0
21,3,100704,11,0
21,3,100640,10,0
21,3,100576,9,0
21,3,100512,8,0
21,3,100448,7,0
21,3,100831,12,63
21,3,100767,11,63
21,3,100703,10,63
21,3,100639,9,63
21,3,100575,8,63
21,3,100511,7,63
21,3,100830,12,62
21,3,100766,11,62
21,3,100702,10,62
21,3,100638,9,62
21,3,100574,8,62
21,3,100510,7,62
21,3,100829,12,61
21,3,100765,11,61
21,3,100701,10,61
21,3,100637,9,61
21,3,100573,8,61
21,3,100509,7,61
21,3,100828,12,60
21,3,100764,11,60
21,3,100700,10,60
21,3,100636,9,60
21,3,100572,8,60
21,3,100508,7,60
21,3,100827,12,59
21,3,100763,11,59
21,3,100699,10,59
21,3,100635,9,59
21,3,100571,8,59
21,3,100507,7,59
21,3,100826,12,58
21,3,100762,11,58
21,3,100698,10,58
21,3,100634,9,58
21,3,100570,8,58
21,3,100506,7,58
21,3,100825,12,57
21,3,100761,11,57
21,3,100697,10,57
21,3,100633,9,57
21,3,100569,8,57
21,3,100505,7,57
1,0,100522,8,10
1,0,100458,7,10
1,0,100394,6,10
1,0,100330,5,10
1,0,100266,4,10
1,0,100202,3,10
1,0,100521,8,9
1,0,100457,7,9
1,0,100393,6,9
1,0,100329,5,9
1,0,100265,4,9
1,0,100201,3,9
1,0,100520,8,8
1,0,100456,7,8
1,0,100392,6,8
1,0,100328,5,8
1,0,100264,4,8
1,0,100200,3,8
1,0,100519,8,7
1,0,100455,7,7
1,0,100391,6,7
1,0,100327,5,7
1,0,100263,4,7
1,0,100199,3,7
1,0,100518,8,6
1,0,100454,7,6
1,0,100390,6,6
1,0,100326,5,6
1,0,100262,4,6
1,0,100198,3,6
1,0,100517,8,5
1,0,100453,7,5
1,0,100389,6,5
1,0,100325,5,5
1,0,100261,4,5
1,0,100197,3,5
1,0,100516,8,4
1,0,100452,7,4
1,0,100388,6,4
1,0,100324,5,4
1,0,100260,4,4
1,0,100196,3,4
1,0,100515,8,3
1,0,100451,7,3
1,0,100387,6,3
1,0,100323,5,3
1,0,100259,4,3
1,0,100195,3,3
1,0,100514,8,2
1,0,100450,7,2
1,0,100386,6,2
1,0,100322,5,2
1,0,100258,4,2
1,0,100194,3,2
1,0,100513,8,1
1,0,100449,7,1
1,0,100385,6,1
1,0,100321,5,1
1,0,100257,4,1
1,0,100193,3,1
1,1,100266,4,10
1,1,100202,3,10
1,1,100138,2,10
1,1,100074,1,10
1,1,100010,0,10
1,1,200010,0,10
1,1,100265,4,9
1,1,100201,3,9
1,1,100137,2,9
1,1,100073,1,9
1,1,100009,0,9
1,1,200009,0,9
1,1,100264,4,8
1,1,100200,3,8
1,1,100136,2,8
1,1,100072,1,8
1,1,100008,0,8
1,1,200008,0,8
1,1,100263,4,7
1,1,100199,3,7
1,1,100135,2,7
1,1,100071,1,7
1,1,100007,0,7
1,1,200007,0,7
1,1,100262,4,6
1,1,100198,3,6
1,1,100134,2,6
1,1,100070,1,6
1,1,100006,0,6
1,1,200006,0,6
1,1,100261,4,5
1,1,100197,3,5
1,1,100133,2,5
1,1,100069,1,5
1,1,100005,0,5
1,1,200005,0,5
1,1,100260,4,4
1,1,100196,3,4
1,1,100132,2,4
1,1,100068,1,4
1,1,100004,0,4
1,1,200004,0,4
1,1,100259,4,3
1,1,100195,3,3
1,1,100131,2,3
1,1,100067,1,3
1,1,100003,0,3
1,1,200003,0,3
1,1,100258,4,2
1,1,100194,3,2
1,1,100130,2,2
1,1,100066,1,2
1,1,100002,0,2
1,1,200002,0,2
1,1,100257,4,1
1,1,100193,3,1
1,1,100129,2,1
1,1,100065,1,1
1,1,100001,0,1
1,1,200001,0,1
1,2,100010,0,10
1,2,200010,0,10
1,2,200074,1,10
1,2,200138,2,10
1,2,200202,3,10
1,2,200266,4,10
1,2,100009,0,9
1,2,200009,0,9
1,2,200073,1,9
1,2,200137,2,9
1,2,200201,3,9
1,2,200265,4,9
1,2,100008,0,8
1,2,200008,0,8
1,2,200072,1,8
1,2,200136,2,8
1,2,200200,3,8
1,2,200264,4,8
1,2,100007,0,7
1,2,200007,0,7
1,2,200071,1,7
1,2,200135,2,7
1,2,200199,3,7
1,2,200263,4,7
1,2,100006,0,6
1,2,200006,0,6
1,2,200070,1,6
1,2,200134,2,6
1,2,200198,3,6
1,2,200262,4,6
1,2,100005,0,5
1,2,200005,0,5
1,2,200069,1,5
1,2,200133,2,5
1,2,200197,3,5
1,2,200261,4,5
1,2,100004,0,4
1,2,200004,0,4
1,2,200068,1,4
1,2,200132,2,4
1,2,200196,3,4
1,2,200260,4,4
1,2,100003,0,3
1,2,200003,0,3
1,2,200067,1,3
1,2,200131,2,3
1,2,200195,3,3
1,2,200259,4,3
1,2,100002,0,2
1,2,200002,0,2
1,2,200066,1,2
1,2,200130,2,2
1,2,200194,3,2
1,2,200258,4,2
1,2,100001,0,1
1,2,200001,0,1
1,2,200065,1,1
1,2,200129,2,1
1,2,200193,3,1
1,2,200257,4,1
1,3,200202,3,10
1,3,200266,4,10
1,3,200330,5,10
1,3,200394,6,10
1,3,200458,7,10
1,3,200522,8,10
1,3,200201,3,9
1,3,200265,4,9
1,3,200329,5,9
1,3,200393,6,9
1,3,200457,7,9
1,3,200521,8,9
1,3,200200,3,8
1,3,200264,4,8
1,3,200328,5,8
1,3,200392,6,8
1,3,200456,7,8
1,3,200520,8,8
1,3,200199,3,7
1,3,200263,4,7
1,3,200327,5,7
1,3,200391,6,7
1,3,200455,7,7
1,3,200519,8,7
1,3,200198,3,6
1,3,200262,4,6
1,3,200326,5,6
1,3,200390,6,6
1,3,200454,7,6
1,3,200518,8,6
1,3,200197,3,5
1,3,200261,4,5
1,3,200325,5,5
1,3,200389,6,5
1,3,200453,7,5
1,3,200517,8,5
1,3,200196,3,4
1,3,200260,4,4
1,3,200324,5,4
1,3,200388,6,4
1,3,200452,7,4
1,3,200516,8,4
1,3,200195,3,3
1,3,200259,4,3
1,3,200323,5,3
1,3,200387,6,3
1,3,200451,7,3
1,3,200515,8,3
1,3,200194,3,2
1,3,200258,4,2
1,3,200322,5,2
1,3,200386,6,2
1,3,200450,7,2
1,3,200514,8,2
1,3,200193,3,1
1,3,200257,4,1
1,3,200321,5,1
1,3,200385,6,1
1,3,200449,7,1
1,3,200513,8,1
4,0,100530,8,18
4,0,100466,7,18
4,0,100402,6,18
4,0,100338,5,18
4,0,100274,4,18
4,0,100210,3,18
4,0,100529,8,17
4,0,100465,7,17
4,0,100401,6,17
4,0,100337,5,17
4,0,100273,4,17
4,0,100209,3,17
4,0,100528,8,16
4,0,100464,7,16
4,0,100400,6,16
4,0,100336,5,16
4,0,100272,4,16
4,0,100208,3,16
4,0,100527,8,15
4,0,100463,7,15
4,0,100399,6,15
4,0,100335,5,15
4,0,100271,4,15
4,0,100207,3,15
4,0,100526,8,14
4,0,100462,7,14
4,0,100398,6,14
4,0,100334,5,14
4,0,100270,4,14
4,0,100206,3,14
4,0,100525,8,13
4,0,100461,7,13
4,0,100397,6,13
4,0,100333,5,13
4,0,100269,4,13
4,0,100205,3,13
4,0,100524,8,12
4,0,100460,7,12
4,0,100396,6,12
4,0,100332,5,12
4,0,100268,4,12
4,0,100204,3,12
4,0,100523,8,11
4,0,100459,7,11
4,0,100395,6,11
4,0,100331,5,11
4,0,100267,4,11
4,0,100203,3,11
4,0,100522,8,10
4,0,100458,7,10
4,0,100394,6,10
4,0,100330,5,10
4,0,100266,4,10
4,0,100202,3,10
4,0,100521,8,9
4,0,100457,7,9
4,0,100393,6,9
4,0,100329,5,9
4,0,100265,4,9
4,0,100201,3,9
4,1,100274,4,18
4,1,100210,3,18
4,1,100146,2,18
4,1,100082,1,18
4,1,100018,0,18
4,1,200018,0,18
4,1,100273,4,17
4,1,100209,3,17
4,1,100145,2,17
4,1,100081,1,17
4,1,100017,0,17
4,1,200017,0,17
4,1,100272,4,16
4,1,100208,3,16
4,1,100144,2,16
4,1,100080,1,16
4,1,100016,0,16
4,1,200016,0,16
4,1,100271,4,15
4,1,100207,3,15
4,1,100143,2,15
4,1,100079,1,15
4,1,100015,0,15
4,1,200015,0,15
4,1,100270,4,14
4,1,100206,3,14
4,1,100142,2,14
4,1,100078,1,14
4,1,100014,0,14
4,1,200014,0,14
4,1,100269,4,13
4,1,100205,3,13
4,1,100141,2,13
4,1,100077,1,13
4,1,100013,0,13
4,1,200013,0,13
4,1,100268,4,12
4,1,100204,3,12
4,1,100140,2,12
4,1,100076,1,12
4,1,100012,0,12
4,1,200012,0,12
4,1,100267,4,11
4,1,100203,3,11
4,1,100139,2,11
4,1,100075,1,11
4,1,100011,0,11
4,1,200011,0,11
4,1,100266,4,10
4,1,100202,3,10
4,1,100138,2,10
4,1,100074,1,10
4,1,100010,0,10
4,1,200010,0,10
4,1,100265,4,9
4,1,100201,3,9
4,1,100137,2,9
4,1,100073,1,9
4,1,100009,0,9
4,1,200009,0,9
4,2,100018,0,18
4,2,200018,0,18
4,2,200082,1,18
4,2,200146,2,18
4,2,200210,3,18
4,2,200274,4,18
4,2,100017,0,17
4,2,200017,0,17
4,2,200081,1,17
4,2,200145,2,17
4,2,200209,3,17
4,2,200273,4,17
4,2,100016,0,16
4,2,200016,0,16
4,2,200080,1,16
4,2,200144,2,16
4,2,200208,3,16
4,2,200272,4,16
4,2,100015,0,15
4,2,200015,0,15
4,2,200079,1,15
4,2,200143,2,15
4,2,200207,3,15
4,2,200271,4,15
4,2,100014,0,14
4,2,200014,0,14
4,2,200078,1,14
4,2,200142,2,14
4,2,200206,3,14
4,2,200270,4,14
4,2,100013,0,13
4,2,200013,0,13
4,2,200077,1,13
4,2,200141,2,13
4,2,200205,3,13
4,2,200269,4,13
4,2,100012,0,12
4,2,200012,0,12
4,2,200076,1,12
4,2,200140,2,12
4,2,200204,3,12
4,2,200268,4,12
4,2,100011,0,11
4,2,200011,0,11
4,2,200075,1,11
4,2,200139,2,11
4,2,200203,3,11
4,2,200267,4,11
4,2,100010,0,10
4,2,200010,0,10
4,2,200074,1,10
4,2,200138,2,10
4,2,200202,3,10
4,2,200266,4,10
4,2,100009,0,9
4,2,200009,0,9
4,2,200073,1,9
4,2,200137,2,9
4,2,200201,3,9
4,2,200265,4,9
4,3,200210,3,18
4,3,200274,4,18
4,3,200338,5,18
4,3,200402,6,18
4,3,200466,7,18
4,3,200530,8,18
4,3,200209,3,17
4,3,200273,4,17
4,3,200337,5,17
4,3,200401,6,17
4,3,200465,7,17
4,3,200529,8,17
4,3,200208,3,16
4,3,200272,4,16
4,3,200336,5,16
4,3,200400,6,16
4,3,200464,7,16
4,3,200528,8,16
4,3,200207,3,15
4,3,200271,4,15
4,3,200335,5,15
4,3,200399,6,15
4,3,200463,7,15
4,3,200527,8,15
4,3,200206,3,14
4,3,200270,4,14
4,3,200334,5,14
4,3,200398,6,14
4,3,200462,7,14
4,3,200526,8,14
4,3,200205,3,13
4,3,200269,4,13
4,3,200333,5,13
4,3,200397,6,13
4,3,200461,7,13
4,3,200525,8,13
4,3,200204,3,12
4,3,200268,4,12
4,3,200332,5,12
4,3,200396,6,12
4,3,200460,7,12
4,3,200524,8,12
4,3,200203,3,11
4,3,200267,4,11
4,3,200331,5,11
4,3,200395,6,11
4,3,200459,7,11
4,3,200523,8,11
4,3,200202,3,10
4,3,200266,4,10
4,3,200330,5,10
4,3,200394,6,10
4,3,200458,7,10
4,3,200522,8,10
4,3,200201,3,9
4,3,200265,4,9
4,3,200329,5,9
4,3,200393,6,9
4,3,200457,7,9
4,3,200521,8,9
7,0,100538,8,26
7,0,100474,7,26
7,0,100410,6,26
7,0,100346,5,26
7,0,100282,4,26
7,0,100218,3,26
7,0,100537,8,25
7,0,100473,7,25
7,0,100409,6,25
7,0,100345,5,25
7,0,100281,4,25
7,0,100217,3,25
7,0,100536,8,24
7,0,100472,7,24
7,0,100408,6,24
7,0,100344,5,24
7,0,100280,4,24
7,0,100216,3,24
7,0,100535,8,23
7,0,100471,7,23
7,0,100407,6,23
7,0,100343,5,23
7,0,100279,4,23
7,0,100215,3,23
7,0,100534,8,22
7,0,100470,7,22
7,0,100406,6,22
7,0,100342,5,22
7,0,100278,4,22
7,0,100214,3,22
7,0,100533,8,21
7,0,100469,7,21
7,0,100405,6,21
7,0,100341,5,21
7,0,100277,4,21
7,0,100213,3,21
7,0,100532,8,20
7,0,100468,7,20
7,0,100404,6,20
7,0,100340,5,20
7,0,100276,4,20
7,0,100212,3,20
7,0,100531,8,19
7,0,100467,7,19
7,0,100403,6,19
7,0,100339,5,19
7,0,100275,4,19
7,0,100211,3,19
7,0,100530,8,18
7,0,100466,7,18
7,0,100402,6,18
7,0,100338,5,18
7,0,100274,4,18
7,0,100210,3,18
7,0,100529,8,17
7,0,100465,7,17
7,0,100401,6,17
7,0,100337,5,17
7,0,100273,4,17
7,0,100209,3,17
7,1,100282,4,26
7,1,100218,3,26
7,1,100154,2,26
7,1,100090,1,26
7,1,100026,0,26
7,1,200026,0,26
7,1,100281,4,25
7,1,100217,3,25
7,1,100153,2,25
7,1,100089,1,25
7,1,100025,0,25
7,1,200025,0,25
7,1,100280,4,24
7,1,100216,3,24
7,1,100152,2,24
7,1,100088,1,24
7,1,100024,0,24
7,1,200024,0,24
7,1,100279,4,23
7,1,100215,3,23
7,1,100151,2,23
7,1,100087,1,23
7,1,100023,0,23
7,1,200023,0,23
7,1,100278,4,22
7,1,100214,3,22
7,1,100150,2,22
7,1,100086,1,22
7,1,100022,0,22
7,1,200022,0,22
7,1,100277,4,21
7,1,100213,3,21
7,1,100149,2,21
7,1,100085,1,21
7,1,100021,0,21
7,1,200021,0,21
7,1,100276,4,20
7,1,100212,3,20
7,1,100148,2,20
7,1,100084,1,20
7,1,100020,0,20
7,1,200020,0,20
7,1,100275,4,19
7,1,100211,3,19
7,1,100147,2,19
7,1,100083,1,19
7,1,100019,0,19
7,1,200019,0,19
7,1,100274,4,18
7,1,100210,3,18
7,1,100146,2,18
7,1,100082,1,18
7,1,100018,0,18
7,1,200018,0,18
7,1,100273,4,17
7,1,100209,3,17
7,1,100145,2,17
7,1,100081,1,17
7,1,100017,0,17
7,1,200017,0,17
7,2,100026,0,26
7,2,200026,0,26
7,2,200090,1,26
7,2,200154,2,26
7,2,200218,3,26
7,2,200282,4,26
7,2,100025,0,25
7,2,200025,0,25
7,2,200089,1,25
7,2,200153,2,25
7,2,200217,3,25
7,2,200281,4,25
7,2,100024,0,24
7,2,200024,0,24
7,2,200088,1,24
7,2,200152,2,24
7,2,200216,3,24
7,2,200280,4,24
7,2,100023,0,23
7,2,200023,0,23
7,2,200087,1,23
7,2,200151,2,23
7,2,200215,3,23
7,2,200279,4,23
7,2,100022,0,22
7,2,200022,0,22
7,2,200086,1,22
7,2,200150,2,22
7,2,200214,3,22
7,2,200278,4,22
7,2,100021,0,21
7,2,200021,0,21
7,2,200085,1,21
7,2,200149,2,21
7,2,200213,3,21
7,2,200277,4,21
7,2,100020,0,20
7,2,200020,0,20
7,2,200084,1,20
7,2,200148,2,20
7,2,200212,3,20
7,2,200276,4,20
7,2,100019,0,19
7,2,200019,0,19
7,2,200083,1,19
7,2,200147,2,19
7,2,200211,3,19
7,2,200275,4,19
7,2,100018,0,18
7,2,200018,0,18
7,2,200082,1,18
7,2,200146,2,18
7,2,200210,3,18
7,2,200274,4,18
7,2,100017,0,17
7,2,200017,0,17
7,2,200081,1,17
7,2,200145,2,17
7,2,200209,3,17
7,2,200273,4,17
7,3,200218,3,26
7,3,200282,4,26
7,3,200346,5,26
7,3,200410,6,26
7,3,200474,7,26
7,3,200538,8,26
7,3,200217,3,25
7,3,200281,4,25
7,3,200345,5,25
7,3,200409,6,25
7,3,200473,7,25
7,3,200537,8,25
7,3,200216,3,24
7,3,200280,4,24
7,3,200344,5,24
7,3,200408,6,24
7,3,200472,7,24
7,3,200536,8,24
7,3,200215,3,23
7,3,200279,4,23
7,3,200343,5,23
7,3,200407,6,23
7,3,200471,7,23
7,3,200535,8,23
7,3,200214,3,22
7,3,200278,4,22
7,3,200342,5,22
7,3,200406,6,22
7,3,200470,7,22
7,3,200534,8,22
7,3,200213,3,21
7,3,200277,4,21
7,3,200341,5,21
7,3,200405,6,21
7,3,200469,7,21
7,3,200533,8,21
7,3,200212,3,20
7,3,200276,4,20
7,3,200340,5,20
7,3,200404,6,20
7,3,200468,7,20
7,3,200532,8,20
7,3,200211,3,19
7,3,200275,4,19
7,3,200339,5,19
7,3,200403,6,19
7,3,200467,7,19
7,3,200531,8,19
7,3,200210,3,18
7,3,200274,4,18
7,3,200338,5,18
7,3,200402,6,18
7,3,200466,7,18
7,3,200530,8,18
7,3,200209,3,17
7,3,200273,4,17
7,3,200337,5,17
7,3,200401,6,17
7,3,200465,7,17
7,3,200529,8,17
10,0,100546,8,34
10,0,100482,7,34
10,0,100418,6,34
10,0,100354,5,34
10,0,100290,4,34
10,0,100226,3,34
10,0,100545,8,33
10,0,100481,7,33
10,0,100417,6,33
10,0,100353,5,33
10,0,100289,4,33
10,0,100225,3,33
10,0,100544,8,32
10,0,100480,7,32
10,0,100416,6,32
10,0,100352,5,32
10,0,100288,4,32
10,0,100224,3,32
10,0,100543,8,31
10,0,100479,7,31
10,0,100415,6,31
10,0,100351,5,31
10,0,100287,4,31
10,0,100223,3,31
10,0,100542,8,30
10,0,100478,7,30
10,0,100414,6,30
10,0,100350,5,30
10,0,100286,4,30
10,0,100222,3,30
10,0,100541,8,29
10,0,100477,7,29
10,0,100413,6,29
10,0,100349,5,29
10,0,100285,4,29
10,0,100221,3,29
10,0,100540,8,28
10,0,100476,7,28
10,0,100412,6,28
10,0,100348,5,28
10,0,100284,4,28
10,0,100220,3,28
10,0,100539,8,27
10,0,100475,7,27
10,0,100411,6,27
10,0,100347,5,27
10,0,100283,4,27
10,0,100219,3,27
10,0,100538,8,26
10,0,100474,7,26
10,0,100410,6,26
10,0,100346,5,26
10,0,100282,4,26
10,0,100218,3,26
10,0,100537,8,25
10,0,100473,7,25
10,0,100409,6,25
10,0,100345,5,25
10,0,100281,4,25
10,0,100217,3,25
10,1,100290,4,34
10,1,100226,3,34
10,1,100162,2,34
10,1,100098,1,34
10,1,100034,0,34
10,1,200034,0,34
10,1,100289,4,33
10,1,100225,3,33
10,1,100161,2,33
10,1,100097,1,33
10,1,100033,0,33
10,1,200033,0,33
10,1,100288,4,32
10,1,100224,3,32
10,1,100160,2,32
10,1,100096,1,32
10,1,100032,0,32
10,1,200032,0,32
10,1,100287,4,31
10,1,100223,3,31
10,1,100159,2,31
10,1,100095,1,31
10,1,100031,0,31
10,1,200031,0,31
10,1,100286,4,30
10,1,100222,3,30
10,1,100158,2,30
10,1,100094,1,30
10,1,100030,0,30
10,1,200030,0,30
10,1,100285,4,29
10,1,100221,3,29
10,1,100157,2,29
10,1,100093,1,29
10,1,100029,0,29
10,1,200029,0,29
10,1,100284,4,28
10,1,100220,3,28
10,1,100156,2,28
10,1,100092,1,28
10,1,100028,0,28
10,1,200028,0,28
10,1,100283,4,27
10,1,100219,3,27
10,1,100155,2,27
10,1,100091,1,27
10,1,100027,0,27
10,1,200027,0,27
10,1,100282,4,26
10,1,100218,3,26
10,1,100154,2,26
10,1,100090,1,26
10,1,100026,0,26
10,1,200026,0,26
10,1,100281,4,25
10,1,100217,3,25
10,1,100153,2,25
10,1,100089,1,25
10,1,100025,0,25
10,1,200025,0,25
10,2,100034,0,34
10,2,200034,0,34
10,2,200098,1,34
10,2,200162,2,34
10,2,200226,3,34
10,2,200290,4,34
10,2,100033,0,33
10,2,200033,0,33
10,2,200097,1,33
10,2,200161,2,33
10,2,200225,3,33
10,2,200289,4,33
10,2,100032,0,32
10,2,200032,0,32
10,2,200096,1,32
10,2,200160,2,32
10,2,200224,3,32
10,2,200288,4,32
10,2,100031,0,31
10,2,200031,0,31
10,2,200095,1,31
10,2,200159,2,31
10,2,200223,3,31
10,2,200287,4,31
10,2,100030,0,30
10,2,200030,0,30
10,2,200094,1,30
10,2,200158,2,30
10,2,200222,3,30
10,2,200286,4,30
10,2,100029,0,29
10,2,200029,0,29
10,2,200093,1,29
10,2,200157,2,29
10,2,200221,3,29
10,2,200285,4,29
10,2,100028,0,28
10,2,200028,0,28
10,2,200092,1,28
10,2,200156,2,28
10,2,200220,3,28
10,2,200284,4,28
10,2,100027,0,27
10,2,200027,0,27
10,2,200091,1,27
10,2,200155,2,27
10,2,200219,3,27
10,2,200283,4,27
10,2,100026,0,26
10,2,200026,0,26
10,2,200090,1,26
10,2,200154,2,26
10,2,200218,3,26
10,2,200282,4,26
10,2,100025,0,25
10,2,200025,0,25
10,2,200089,1,25
10,2,200153,2,25
10,2,200217,3,25
10,2,200281,4,25
10,3,200226,3,34
10,3,200290,4,34
10,3,200354,5,34
10,3,200418,6,34
10,3,200482,7,34
10,3,200546,8,34
10,3,200225,3,33
10,3,200289,4,33
10,3,200353,5,33
10,3,200417,6,33
10,3,200481,7,33
10,3,200545,8,33
10,3,200224,3,32
10,3,200288,4,32
10,3,200352,5,32
10,3,200416,6,32
10,3,200480,7,32
10,3,200544,8,32
10,3,200223,3,31
10,3,200287,4,31
10,3,200351,5,31
10,3,200415,6,31
10,3,200479,7,31
10,3,200543,8,31
10,3,200222,3,30
10,3,200286,4,30
10,3,200350,5,30
10,3,200414,6,30
10,3,200478,7,30
10,3,200542,8,30
10,3,200221,3,29
10,3,200285,4,29
10,3,200349,5,29
10,3,200413,6,29
10,3,200477,7,29
10,3,200541,8,29
10,3,200220,3,28
10,3,200284,4,28
10,3,200348,5,28
10,3,200412,6,28
10,3,200476,7,28
10,3,200540,8,28
10,3,200219,3,27
10,3,200283,4,27
10,3,200347,5,27
10,3,200411,6,27
10,3,200475,7,27
10,3,200539,8,27
10,3,200218,3,26
10,3,200282,4,26
10,3,200346,5,26
10,3,200410,6,26
10,3,200474,7,26
10,3,200538,8,26
10,3,200217,3,25
10,3,200281,4,25
10,3,200345,5,25
10,3,200409,6,25
10,3,200473,7,25
10,3,200537,8,25
13,0,100554,8,42
13,0,100490,7,42
13,0,100426,6,42
13,0,100362,5,42
13,0,100298,4,42
13,0,100234,3,42
13,0,100553,8,41
13,0,100489,7,41
13,0,100425,6,41
13,0,100361,5,41
13,0,100297,4,41
13,0,100233,3,41
13,0,100552,8,40
13,0,100488,7,40
13,0,100424,6,40
13,0,100360,5,40
13,0,100296,4,40
13,0,100232,3,40
13,0,100551,8,39
13,0,100487,7,39
13,0,100423,6,39
13,0,100359,5,39
13,0,100295,4,39
13,0,100231,3,39
13,0,100550,8,38
13,0,100486,7,38
13,0,100422,6,38
13,0,100358,5,38
13,0,100294,4,38
13,0,100230,3,38
13,0,100549,8,37
13,0,100485,7,37
13,0,100421,6,37
13,0,100357,5,37
13,0,100293,4,37
13,0,100229,3,37
13,0,100548,8,36
13,0,100484,7,36
13,0,100420,6,36
13,0,100356,5,36
13,0,100292,4,36
13,0,100228,3,36
13,0,100547,8,35
13,0,100483,7,35
13,0,100419,6,35
13,0,100355,5,35
13,0,100291,4,35
13,0,100227,3,35
13,0,100546,8,34
13,0,100482,7,34
13,0,100418,6,34
13,0,100354,5,34
13,0,100290,4,34
13,0,100226,3,34
13,0,100545,8,33
13,0,100481,7,33
13,0,100417,6,33
13,0,100353,5,33
13,0,100289,4,33
13,0,100225,3,33
13,1,100298,4,42
13,1,100234,3,42
13,1,100170,2,42
13,1,100106,1,42
13,1,100042,0,42
13,1,200042,0,42
13,1,100297,4,41
13,1,100233,3,41
13,1,100169,2,41
13,1,100105,1,41
13,1,100041,0,41
13,1,200041,0,41
13,1,100296,4,40
13,1,100232,3,40
13,1,100168,2,40
13,1,100104,1,40
13,1,100040,0,40
13,1,200040,0,40
13,1,100295,4,39
13,1,100231,3,39
13,1,100167,2,39
13,1,100103,1,39
13,1,100039,0,39
13,1,200039,0,39
13,1,100294,4,38
13,1,100230,3,38
13,1,100166,2,38
13,1,100102,1,38
13,1,100038,0,38
13,1,200038,0,38
13,1,100293,4,37
13,1,100229,3,37
13,1,100165,2,37
13,1,100101,1,37
13,1,100037,0,37
13,1,200037,0,37
13,1,100292,4,36
13,1,100228,3,36
13,1,100164,2,36
13,1,100100,1,36
13,1,100036,0,36
13,1,200036,0,36
13,1,100291,4,35
13,1,100227,3,35
13,1,100163,2,35
13,1,100099,1,35
13,1,100035,0,35
13,1,200035,0,35
13,1,100290,4,34
13,1,100226,3,34
13,1,100162,2,34
13,1,100098,1,34
13,1,100034,0,34
13,1,200034,0,34
13,1,100289,4,33
13,1,100225,3,33
13,1,100161,2,33
13,1,100097,1,33
13,1,100033,0,33
13,1,200033,0,33
13,2,100042,0,42
13,2,200042,0,42
13,2,200106,1,42
13,2,200170,2,42
13,2,200234,3,42
13,2,200298,4,42
13,2,100041,0,41
13,2,200041,0,41
13,2,200105,1,41
13,2,200169,2,41
13,2,200233,3,41
13,2,200297,4,41
13,2,100040,0,40
13,2,200040,0,40
13,2,200104,1,40
13,2,200168,2,40
13,2,200232,3,40
13,2,200296,4,40
13,2,100039,0,39
13,2,200039,0,39
13,2,200103,1,39
13,2,200167,2,39
13,2,200231,3,39
13,2,200295,4,39
13,2,100038,0,38
13,2,200038,0,38
13,2,200102,1,38
13,2,200166,2,38
13,2,200230,3,38
13,2,200294,4,38
13,2,100037,0,37
13,2,200037,0,37
13,2,200101,1,37
13,2,200165,2,37
13,2,200229,3,37
13,2,200293,4,37
13,2,100036,0,36
13,2,200036,0,36
13,2,200100,1,36
13,2,200164,2,36
13,2,200228,3,36
13,2,200292,4,36
13,2,100035,0,35
13,2,200035,0,35
13,2,200099,1,35
13,2,200163,2,35
13,2,200227,3,35
13,2,200291,4,35
13,2,100034,0,34
13,2,200034,0,34
13,2,200098,1,34
13,2,200162,2,34
13,2,200226,3,34
13,2,200290,4,34
13,2,100033,0,33
13,2,200033,0,33
13,2,200097,1,33
13,2,200161,2,33
13,2,200225,3,33
13,2,200289,4,33
13,3,200234,3,42
13,3,200298,4,42
13,3,200362,5,42
13,3,200426,6,42
13,3,200490,7,42
13,3,200554,8,42
13,3,200233,3,41
13,3,200297,4,41
13,3,200361,5,41
13,3,200425,6,41
13,3,200489,7,41
13,3,200553,8,41
13,3,200232,3,40
13,3,200296,4,40
13,3,200360,5,40
13,3,200424,6,40
13,3,200488,7,40
13,3,200552,8,40
13,3,200231,3,39
13,3,200295,4,39
13,3,200359,5,39
13,3,200423,6,39
13,3,200487,7,39
13,3,200551,8,39
13,3,200230,3,38
13,3,200294,4,38
13,3,200358,5,38
13,3,200422,6,38
13,3,200486,7,38
13,3,200550,8,38
13,3,200229,3,37
13,3,200293,4,37
13,3,200357,5,37
13,3,200421,6,37
13,3,200485,7,37
13,3,200549,8,37
13,3,200228,3,36
13,3,200292,4,36
13,3,200356,5,36
13,3,200420,6,36
13,3,200484,7,36
13,3,200548,8,36
13,3,200227,3,35
13,3,200291,4,35
13,3,200355,5,35
13,3,200419,6,35
13,3,200483,7,35
13,3,200547,8,35
13,3,200226,3,34
13,3,200290,4,34
13,3,200354,5,34
13,3,200418,6,34
13,3,200482,7,34
13,3,200546,8,34
13,3,200225,3,33
13,3,200289,4,33
13,3,200353,5,33
13,3,200417,6,33
13,3,200481,7,33
13,3,200545,8,33
16,0,100562,8,50
16,0,100498,7,50
16,0,100434,6,50
16,0,100370,5,50
16,0,100306,4,50
16,0,100242,3,50
16,0,100561,8,49
16,0,100497,7,49
16,0,100433,6,49
16,0,100369,5,49
16,0,100305,4,49
16,0,100241,3,49
16,0,100560,8,48
16,0,100496,7,48
16,0,100432,6,48
16,0,100368,5,48
16,0,100304,4,48
16,0,100240,3,48
16,0,100559,8,47
16,0,100495,7,47
16,0,100431,6,47
16,0,100367,5,47
16,0,100303,4,47
16,0,100239,3,47
16,0,100558,8,46
16,0,100494,7,46
16,0,100430,6,46
16,0,100366,5,46
16,0,100302,4,46
16,0,100238,3,46
16,0,100557,8,45
16,0,100493,7,45
16,0,100429,6,45
16,0,100365,5,45
16,0,100301,4,45
16,0,100237,3,45
16,0,100556,8,44
16,0,100492,7,44
16,0,100428,6,44
16,0,100364,5,44
16,0,100300,4,44
16,0,100236,3,44
16,0,100555,8,43
16,0,100491,7,43
16,0,100427,6,43
16,0,100363,5,43
16,0,100299,4,43
16,0,100235,3,43
16,0,100554,8,42
16,0,100490,7,42
16,0,100426,6,42
16,0,100362,5,42
16,0,100298,4,42
16,0,100234,3,42
16,0,100553,8,41
16,0,100489,7,41
16,0,100425,6,41
16,0,100361,5,41
16,0,100297,4,41
16,0,100233,3,41
16,1,100306,4,50
16,1,100242,3,50
16,1,100178,2,50
16,1,100114,1,50
16,1,100050,0,50
16,1,200050,0,50
16,1,100305,4,49
16,1,100241,3,49
16,1,100177,2,49
16,1,100113,1,49
16,1,100049,0,49
16,1,200049,0,49
16,1,100304,4,48
16,1,100240,3,48
16,1,100176,2,48
16,1,100112,1,48
16,1,100048,0,48
16,1,200048,0,48
16,1,100303,4,47
16,1,100239,3,47
16,1,100175,2,47
16,1,100111,1,47
16,1,100047,0,47
16,1,200047,0,47
16,1,100302,4,46
16,1,100238,3,46
16,1,100174,2,46
16,1,100110,1,46
16,1,100046,0,46
16,1,200046,0,46
16,1,100301,4,45
16,1,100237,3,45
16,1,100173,2,45
16,1,100109,1,45
16,1,100045,0,45
16,1,200045,0,45
16,1,100300,4,44
16,1,100236,3,44
16,1,100172,2,44
16,1,100108,1,44
16,1,100044,0,44
16,1,200044,0,44
16,1,100299,4,43
16,1,100235,3,43
16,1,100171,2,43
16,1,100107,1,43
16,1,100043,0,43
16,1,200043,0,43
16,1,100298,4,42
16,1,100234,3,42
16,1,100170,2,42
16,1,100106,1,42
16,1,100042,0,42
16,1,200042,0,42
16,1,100297,4,41
16,1,100233,3,41
16,1,100169,2,41
16,1,100105,1,41
16,1,100041,0,41
16,1,200041,0,41
16,2,100050,0,50
16,2,200050,0,50
16,2,200114,1,50
16,2,200178,2,50
16,2,200242,3,50
16,2,200306,4,50
16,2,100049,0,49
16,2,200049,0,49
16,2,200113,1,49
16,2,200177,2,49
16,2,200241,3,49
16,2,200305,4,49
16,2,100048,0,48
16,2,200048,0,48
16,2,200112,1,48
16,2,200176,2,48
16,2,200240,3,48
16,2,200304,4,48
16,2,100047,0,47
16,2,200047,0,47
16,2,200111,1,47
16,2,200175,2,47
16,2,200239,3,47
16,2,200303,4,47
16,2,100046,0,46
16,2,200046,0,46
16,2,200110,1,46
16,2,200174,2,46
16,2,200238,3,46
16,2,200302,4,46
16,2,100045,0,45
16,2,200045,0,45
16,2,200109,1,45
16,2,200173,2,45
16,2,200237,3,45
16,2,200301,4,45
16,2,100044,0,44
16,2,200044,0,44
16,2,200108,1,44
16,2,200172,2,44
16,2,200236,3,44
16,2,200300,4,44
16,2,100043,0,43
16,2,200043,0,43
16,2,200107,1,43
16,2,200171,2,43
16,2,200235,3,43
16,2,200299,4,43
16,2,100042,0,42
16,2,200042,0,42
16,2,200106,1,42
16,2,200170,2,42
16,2,200234,3,42
16,2,200298,4,42
16,2,100041,0,41
16,2,200041,0,41
16,2,200105,1,41
16,2,200169,2,41
16,2,200233,3,41
16,2,200297,4,41
16,3,200242,3,50
16,3,200306,4,50
16,3,200370,5,50
16,3,200434,6,50
16,3,200498,7,50
16,3,200562,8,50
16,3,200241,3,49
16,3,200305,4,49
16,3,200369,5,49
16,3,200433,6,49
16,3,200497,7,49
16,3,200561,8,49
16,3,200240,3,48
16,3,200304,4,48
16,3,200368,5,48
16,3,200432,6,48
16,3,200496,7,48
16,3,200560,8,48
16,3,200239,3,47
16,3,200303,4,47
16,3,200367,5,47
16,3,200431,6,47
16,3,200495,7,47
16,3,200559,8,47
16,3,200238,3,46
16,3,200302,4,46
16,3,200366,5,46
16,3,200430,6,46
16,3,200494,7,46
16,3,200558,8,46
16,3,200237,3,45
16,3,200301,4,45
16,3,200365,5,45
16,3,200429,6,45
16,3,200493,7,45
16,3,200557,8,45
16,3,200236,3,44
16,3,200300,4,44
16,3,200364,5,44
16,3,200428,6,44
16,3,200492,7,44
16,3,200556,8,44
16,3,200235,3,43
16,3,200299,4,43
16,3,200363,5,43
16,3,200427,6,43
16,3,200491,7,43
16,3,200555,8,43
16,3,200234,3,42
16,3,200298,4,42
16,3,200362,5,42
16,3,200426,6,42
16,3,200490,7,42
16,3,200554,8,42
16,3,200233,3,41
16,3,200297,4,41
16,3,200361,5,41
16,3,200425,6,41
16,3,200489,7,41
16,3,200553,8,41
19,0,100570,8,58
19,0,100506,7,58
19,0,100442,6,58
19,0,100378,5,58
19,0,100314,4,58
19,0,100250,3,58
19,0,100569,8,57
19,0,100505,7,57
19,0,100441,6,57
19,0,100377,5,57
19,0,100313,4,57
19,0,100249,3,57
19,0,100568,8,56
19,0,100504,7,56
19,0,100440,6,56
19,0,100376,5,56
19,0,100312,4,56
19,0,100248,3,56
19,0,100567,8,55
19,0,100503,7,55
19,0,100439,6,55
19,0,100375,5,55
19,0,100311,4,55
19,0,100247,3,55
19,0,100566,8,54
19,0,100502,7,54
19,0,100438,6,54
19,0,100374,5,54
19,0,100310,4,54
19,0,100246,3,54
19,0,100565,8,53
19,0,100501,7,53
19,0,100437,6,53
19,0,100373,5,53
19,0,100309,4,53
19,0,100245,3,53
19,0,100564,8,52
19,0,100500,7,52
19,0,100436,6,52
19,0,100372,5,52
19,0,100308,4,52
19,0,100244,3,52
19,0,100563,8,51
19,0,100499,7,51
19,0,100435,6,51
19,0,100371,5,51
19,0,100307,4,51
19,0,100243,3,51
19,0,100562,8,50
19,0,100498,7,50
19,0,100434,6,50
19,0,100370,5,50
19,0,100306,4,50
19,0,100242,3,50
19,0,100561,8,49
19,0,100497,7,49
19,0,100433,6,49
19,0,100369,5,49
19,0,100305,4,49
19,0,100241,3,49
19,1,100314,4,58
19,1,100250,3,58
19,1,100186,2,58
19,1,100122,1,58
19,1,100058,0,58
19,1,200058,0,58
19,1,100313,4,57
19,1,100249,3,57
19,1,100185,2,57
19,1,100121,1,57
19,1,100057,0,57
19,1,200057,0,57
19,1,100312,4,56
19,1,100248,3,56
19,1,100184,2,56
19,1,100120,1,56
19,1,100056,0,56
19,1,200056,0,56
19,1,100311,4,55
19,1,100247,3,55
19,1,100183,2,55
19,1,100119,1,55
19,1,100055,0,55
19,1,200055,0,55
19,1,100310,4,54
19,1,100246,3,54
19,1,100182,2,54
19,1,100118,1,54
19,1,100054,0,54
19,1,200054,0,54
19,1,100309,4,53
19,1,100245,3,53
19,1,100181,2,53
19,1,100117,1,53
19,1,100053,0,53
19,1,200053,0,53
19,1,100308,4,52
19,1,100244,3,52
19,1,100180,2,52
19,1,100116,1,52
19,1,100052,0,52
19,1,200052,0,52
19,1,100307,4,51
19,1,100243,3,51
19,1,100179,2,51
19,1,100115,1,51
19,1,100051,0,51
19,1,200051,0,51
19,1,100306,4,50
19,1,100242,3,50
19,1,100178,2,50
19,1,100114,1,50
19,1,100050,0,50
19,1,200050,0,50
19,1,100305,4,49
19,1,100241,3,49
19,1,100177,2,49
19,1,100113,1,49
19,1,100049,0,49
19,1,200049,0,49
19,2,100058,0,58
19,2,200058,0,58
19,2,200122,1,58
19,2,200186,2,58
19,2,200250,3,58
19,2,200314,4,58
19,2,100057,0,57
19,2,200057,0,57
19,2,200121,1,57
19,2,200185,2,57
19,2,200249,3,57
19,2,200313,4,57
19,2,100056,0,56
19,2,200056,0,56
19,2,200120,1,56
19,2,200184,2,56
19,2,200248,3,56
19,2,200312,4,56
19,2,100055,0,55
19,2,200055,0,55
19,2,200119,1,55
19,2,200183,2,55
19,2,200247,3,55
19,2,200311,4,55
19,2,100054,0,54
19,2,200054,0,54
19,2,200118,1,54
19,2,200182,2,54
19,2,200246,3,54
19,2,200310,4,54
19,2,100053,0,53
19,2,200053,0,53
19,2,200117,1,53
19,2,200181,2,53
19,2,200245,3,53
19,2,200309,4,53
19,2,100052,0,52
19,2,200052,0,52
19,2,200116,1,52
19,2,200180,2,52
19,2,200244,3,52
19,2,200308,4,52
19,2,100051,0,51
19,2,200051,0,51
19,2,200115,1,51
19,2,200179,2,51
19,2,200243,3,51
19,2,200307,4,51
19,2,100050,0,50
19,2,200050,0,50
19,2,200114,1,50
19,2,200178,2,50
19,2,200242,3,50
19,2,200306,4,50
19,2,100049,0,49
19,2,200049,0,49
19,2,200113,1,49
19,2,200177,2,49
19,2,200241,3,49
19,2,200305,4,49
19,3,200250,3,58
19,3,200314,4,58
19,3,200378,5,58
19,3,200442,6,58
19,3,200506,7,58
19,3,200570,8,58
19,3,200249,3,57
19,3,200313,4,57
19,3,200377,5,57
19,3,200441,6,57
19,3,200505,7,57
19,3,200569,8,57
19,3,200248,3,56
19,3,200312,4,56
19,3,200376,5,56
19,3,200440,6,56
19,3,200504,7,56
19,3,200568,8,56
19,3,200247,3,55
19,3,200311,4,55
19,3,200375,5,55
19,3,200439,6,55
19,3,200503,7,55
19,3,200567,8,55
19,3,200246,3,54
19,3,200310,4,54
19,3,200374,5,54
19,3,200438,6,54
19,3,200502,7,54
19,3,200566,8,54
19,3,200245,3,53
19,3,200309,4,53
19,3,200373,5,53
19,3,200437,6,53
19,3,200501,7,53
19,3,200565,8,53
19,3,200244,3,52
19,3,200308,4,52
19,3,200372,5,52
19,3,200436,6,52
19,3,200500,7,52
19,3,200564,8,52
19,3,200243,3,51
19,3,200307,4,51
19,3,200371,5,51
19,3,200435,6,51
19,3,200499,7,51
19,3,200563,8,51
19,3,200242,3,50
19,3,200306,4,50
19,3,200370,5,50
19,3,200434,6,50
19,3,200498,7,50
19,3,200562,8,50
19,3,200241,3,49
19,3,200305,4,49
19,3,200369,5,49
19,3,200433,6,49
19,3,200497,7,49
19,3,200561,8,49
22,0,100514,8,2
22,0,100450,7,2
22,0,100386,6,2
22,0,100322,5,2
22,0,100258,4,2
22,0,100194,3,2
22,0,100513,8,1
22,0,100449,7,1
22,0,100385,6,1
22,0,100321,5,1
22,0,100257,4,1
22,0,100193,3,1
22,0,100512,8,0
22,0,100448,7,0
22,0,100384,6,0
22,0,100320,5,0
22,0,100256,4,0
22,0,100192,3,0
22,0,100575,8,63
22,0,100511,7,63
22,0,100447,6,63
22,0,100383,5,63
22,0,100319,4,63
22,0,100255,3,63
22,0,100574,8,62
22,0,100510,7,62
22,0,100446,6,62
22,0,100382,5,62
22,0,100318,4,62
22,0,100254,3,62
22,0,100573,8,61
22,0,100509,7,61
22,0,100445,6,61
22,0,100381,5,61
22,0,100317,4,61
22,0,100253,3,61
22,0,100572,8,60
22,0,100508,7,60
22,0,100444,6,60
22,0,100380,5,60
22,0,100316,4,60
22,0,100252,3,60
22,0,100571,8,59
22,0,100507,7,59
22,0,100443,6,59
22,0,100379,5,59
22,0,100315,4,59
22,0,100251,3,59
22,0,100570,8,58
22,0,100506,7,58
22,0,100442,6,58
22,0,100378,5,58
22,0,100314,4,58
22,0,100250,3,58
22,0,100569,8,57
22,0,100505,7,57
22,0,100441,6,57
22,0,100377,5,57
22,0,100313,4,57
22,0,100249,3,57
22,1,100258,4,2
22,1,100194,3,2
22,1,100130,2,2
22,1,100066,1,2
22,1,100002,0,2
22,1,200002,0,2
22,1,100257,4,1
22,1,100193,3,1
22,1,100129,2,1
22,1,100065,1,1
22,1,100001,0,1
22,1,200001,0,1
22,1,100256,4,0
22,1,100192,3,0
22,1,100128,2,0
22,1,100064,1,0
22,1,100000,0,0
22,1,200000,0,0
22,1,100319,4,63
22,1,100255,3,63
22,1,100191,2,63
22,1,100127,1,63
22,1,100063,0,63
22,1,200063,0,63
22,1,100318,4,62
22,1,100254,3,62
22,1,100190,2,62
22,1,100126,1,62
22,1,100062,0,62
22,1,200062,0,62
22,1,100317,4,61
22,1,100253,3,61
22,1,100189,2,61
22,1,100125,1,61
22,1,100061,0,61
22,1,200061,0,61
22,1,100316,4,60
22,1,100252,3,60
22,1,100188,2,60
22,1,100124,1,60
22,1,100060,0,60
22,1,200060,0,60
22,1,100315,4,59
22,1,100251,3,59
22,1,100187,2,59
22,1,100123,1,59
22,1,100059,0,59
22,1,200059,0,59
22,1,100314,4,58
22,1,100250,3,58
22,1,100186,2,58
22,1,100122,1,58
22,1,100058,0,58
22,1,200058,0,58
22,1,100313,4,57
22,1,100249,3,57
22,1,100185,2,57
22,1,100121,1,57
22,1,100057,0,57
22,1,200057,0,57
22,2,100002,0,2
22,2,200002,0,2
22,2,200066,1,2
22,2,200130,2,2
22,2,200194,3,2
22,2,200258,4,2
22,2,100001,0,1
22,2,200001,0,1
22,2,200065,1,1
22,2,200129,2,1
22,2,200193,3,1
22,2,200257,4,1
22,2,100000,0,0
22,2,200000,0,0
22,2,200064,1,0
22,2,200128,2,0
22,2,200192,3,0
22,2,200256,4,0
22,2,100063,0,63
22,2,200063,0,63
22,2,200127,1,63
22,2,200191,2,63
22,2,200255,3,63
22,2,200319,4,63
22,2,100062,0,62
22,2,200062,0,62
22,2,200126,1,62
22,2,200190,2,62
22,2,200254,3,62
22,2,200318,4,62
22,2,100061,0,61
22,2,200061,0,61
22,2,200125,1,61
22,2,200189,2,61
22,2,200253,3,61
22,2,200317,4,61
22,2,100060,0,60
22,2,200060,0,60
22,2,200124,1,60
22,2,200188,2,60
22,2,200252,3,60
22,2,200316,4,60
22,2,100059,0,59
22,2,200059,0,59
22,2,200123,1,59
22,2,200187,2,59
22,2,200251,3,59
22,2,200315,4,59
22,2,100058,0,58
22,2,200058,0,58
22,2,200122,1,58
22,2,200186,2,58
22,2,200250,3,58
22,2,200314,4,58
22,2,100057,0,57
22,2,200057,0,57
22,2,200121,1,57
22,2,200185,2,57
22,2,200249,3,57
22,2,200313,4,57
22,3,200194,3,2
22,3,200258,4,2
22,3,200322,5,2
22,3,200386,6,2
22,3,200450,7,2
22,3,200514,8,2
22,3,200193,3,1
22,3,200257,4,1
22,3,200321,5,1
22,3,200385,6,1
22,3,200449,7,1
22,3,200513,8,1
22,3,200192,3,0
22,3,200256,4,0
22,3,200320,5,0
22,3,200384,6,0
22,3,200448,7,0
22,3,200512,8,0
22,3,200255,3,63
22,3,200319,4,63
22,3,200383,5,63
22,3,200447,6,63
22,3,200511,7,63
22,3,200575,8,63
22,3,200254,3,62
22,3,200318,4,62
22,3,200382,5,62
22,3,200446,6,62
22,3,200510,7,62
22,3,200574,8,62
22,3,200253,3,61
22,3,200317,4,61
22,3,200381,5,61
22,3,200445,6,61
22,3,200509,7,61
22,3,200573,8,61
22,3,200252,3,60
22,3,200316,4,60
22,3,200380,5,60
22,3,200444,6,60
22,3,200508,7,60
22,3,200572,8,60
22,3,200251,3,59
22,3,200315,4,59
22,3,200379,5,59
22,3,200443,6,59
22,3,200507,7,59
22,3,200571,8,59
22,3,200250,3,58
22,3,200314,4,58
22,3,200378,5,58
22,3,200442,6,58
22,3,200506,7,58
22,3,200570,8,58
22,3,200249,3,57
22,3,200313,4,57
22,3,200377,5,57
22,3,200441,6,57
22,3,200505,7,57
22,3,200569,8,57
2,0,200458,7,10
2,0,200522,8,10
2,0,200586,9,10
2,0,200650,10,10
2,0,200714,11,10
2,0,200778,12,10
2,0,200457,7,9
2,0,200521,8,9
2,0,200585,9,9
2,0,200649,10,9
2,0,200713,11,9
2,0,200777,12,9
2,0,200456,7,8
2,0,200520,8,8
2,0,200584,9,8
2,0,200648,10,8
2,0,200712,11,8
2,0,200776,12,8
2,0,200455,7,7
2,0,200519,8,7
2,0,200583,9,7
2,0,200647,10,7
2,0,200711,11,7
2,0,200775,12,7
2,0,200454,7,6
2,0,200518,8,6
2,0,200582,9,6
2,0,200646,10,6
2,0,200710,11,6
2,0,200774,12,6
2,0,200453,7,5
2,0,200517,8,5
2,0,200581,9,5
2,0,200645,10,5
2,0,200709,11,5
2,0,200773,12,5
2,0,200452,7,4
2,0,200516,8,4
2,0,200580,9,4
2,0,200644,10,4
2,0,200708,11,4
2,0,200772,12,4
2,0,200451,7,3
2,0,200515,8,3
2,0,200579,9,3
2,0,200643,10,3
2,0,200707,11,3
2,0,200771,12,3
2,0,200450,7,2
2,0,200514,8,2
2,0,200578,9,2
2,0,200642,10,2
2,0,200706,11,2
2,0,200770,12,2
2,0,200449,7,1
2,0,200513,8,1
2,0,200577,9,1
2,0,200641,10,1
2,0,200705,11,1
2,0,200769,12,1
2,1,200714,11,10
2,1,200778,12,10
2,1,200842,13,10
2,1,400906,14,10
2,1,600970,15,10
2,1,601034,16,10
2,1,200713,11,9
2,1,200777,12,9
2,1,200841,13,9
2,1,400905,14,9
2,1,600969,15,9
2,1,601033,16,9
2,1,200712,11,8
2,1,200776,12,8
2,1,200840,13,8
2,1,400904,14,8
2,1,600968,15,8
2,1,601032,16,8
2,1,200711,11,7
2,1,200775,12,7
2,1,200839,13,7
2,1,400903,14,7
2,1,600967,15,7
2,1,601031,16,7
2,1,200710,11,6
2,1,200774,12,6
2,1,200838,13,6
2,1,400902,14,6
2,1,600966,15,6
2,1,601030,16,6
2,1,200709,11,5
2,1,200773,12,5
2,1,200837,13,5
2,1,400901,14,5
2,1,600965,15,5
2,1,601029,16,5
2,1,200708,11,4
2,1,200772,12,4
2,1,200836,13,4
2,1,400900,14,4
2,1,600964,15,4
2,1,601028,16,4
2,1,200707,11,3
2,1,200771,12,3
2,1,200835,13,3
2,1,400899,14,3
2,1,600963,15,3
2,1,601027,16,3
2,1,200706,11,2
2,1,200770,12,2
2,1,200834,13,2
2,1,400898,14,2
2,1,600962,15,2
2,1,601026,16,2
2,1,200705,11,1
2,1,200769,12,1
2,1,200833,13,1
2,1,400897,14,1
2,1,600961,15,1
2,1,601025,16,1
2,2,600970,15,10
2,2,601034,16,10
2,2,601098,17,10
2,2,601162,18,10
2,2,601226,19,10
2,2,601290,20,10
2,2,600969,15,9
2,2,601033,16,9
2,2,601097,17,9
2,2,601161,18,9
2,2,601225,19,9
2,2,601289,20,9
2,2,600968,15,8
2,2,601032,16,8
2,2,601096,17,8
2,2,601160,18,8
2,2,601224,19,8
2,2,601288,20,8
2,2,600967,15,7
2,2,601031,16,7
2,2,601095,17,7
2,2,601159,18,7
2,2,601223,19,7
2,2,601287,20,7
2,2,600966,15,6
2,2,601030,16,6
2,2,601094,17,6
2,2,601158,18,6
2,2,601222,19,6
2,2,601286,20,6
2,2,600965,15,5
2,2,601029,16,5
2,2,601093,17,5
2,2,601157,18,5
2,2,601221,19,5
2,2,601285,20,5
2,2,600964,15,4
2,2,601028,16,4
2,2,601092,17,4
2,2,601156,18,4
2,2,601220,19,4
2,2,601284,20,4
2,2,600963,15,3
2,2,601027,16,3
2,2,601091,17,3
2,2,601155,18,3
2,2,601219,19,3
2,2,601283,20,3
2,2,600962,15,2
2,2,601026,16,2
2,2,601090,17,2
2,2,601154,18,2
2,2,601218,19,2
2,2,601282,20,2
2,2,600961,15,1
2,2,601025,16,1
2,2,601089,17,1
2,2,601153,18,1
2,2,601217,19,1
2,2,601281,20,1
2,3,601226,19,10
2,3,601290,20,10
2,3,601354,21,10
2,3,601418,22,10
2,3,601482,23,10
2,3,601546,24,10
2,3,601225,19,9
2,3,601289,20,9
2,3,601353,21,9
2,3,601417,22,9
2,3,601481,23,9
2,3,601545,24,9
2,3,601224,19,8
2,3,601288,20,8
2,3,601352,21,8
2,3,601416,22,8
2,3,601480,23,8
2,3,601544,24,8
2,3,601223,19,7
2,3,601287,20,7
2,3,601351,21,7
2,3,601415,22,7
2,3,601479,23,7
2,3,601543,24,7
2,3,601222,19,6
2,3,601286,20,6
2,3,601350,21,6
2,3,601414,22,6
2,3,601478,23,6
2,3,601542,24,6
2,3,601221,19,5
2,3,601285,20,5
2,3,601349,21,5
2,3,601413,22,5
2,3,601477,23,5
2,3,601541,24,5
2,3,601220,19,4
2,3,601284,20,4
2,3,601348,21,4
2,3,601412,22,4
2,3,601476,23,4
2,3,601540,24,4
2,3,601219,19,3
2,3,601283,20,3
2,3,601347,21,3
2,3,601411,22,3
2,3,601475,23,3
2,3,601539,24,3
2,3,601218,19,2
2,3,601282,20,2
2,3,601346,21,2
2,3,601410,22,2
2,3,601474,23,2
2,3,601538,24,2
2,3,601217,19,1
2,3,601281,20,1
2,3,601345,21,1
2,3,601409,22,1
2,3,601473,23,1
2,3,601537,24,1
5,0,200466,7,18
5,0,200530,8,18
5,0,200594,9,18
5,0,200658,10,18
5,0,200722,11,18
5,0,200786,12,18
5,0,200465,7,17
5,0,200529,8,17
5,0,200593,9,17
5,0,200657,10,17
5,0,200721,11,17
5,0,200785,12,17
5,0,200464,7,16
5,0,200528,8,16
5,0,200592,9,16
5,0,200656,10,16
5,0,200720,11,16
5,0,200784,12,16
5,0,200463,7,15
5,0,200527,8,15
5,0,200591,9,15
5,0,200655,10,15
5,0,200719,11,15
5,0,200783,12,15
5,0,200462,7,14
5,0,200526,8,14
5,0,200590,9,14
5,0,200654,10,14
5,0,200718,11,14
5,0,200782,12,14
5,0,200461,7,13
5,0,200525,8,13
5,0,200589,9,13
5,0,200653,10,13
5,0,200717,11,13
5,0,200781,12,13
5,0,200460,7,12
5,0,200524,8,12
5,0,200588,9,12
5,0,200652,10,12
5,0,200716,11,12
5,0,200780,12,12
5,0,200459,7,11
5,0,200523,8,11
5,0,200587,9,11
5,0,200651,10,11
5,0,200715,11,11
5,0,200779,12,11
5,0,200458,7,10
5,0,200522,8,10
5,0,200586,9,10
5,0,200650,10,10
5,0,200714,11,10
5,0,200778,12,10
5,0,200457,7,9
5,0,200521,8,9
5,0,200585,9,9
5,0,200649,10,9
5,0,200713,11,9
5,0,200777,12,9
5,1,200722,11,18
5,1,200786,12,18
5,1,200850,13,18
5,1,400914,14,18
5,1,600978,15,18
5,1,601042,16,18
5,1,200721,11,17
5,1,200785,12,17
5,1,200849,13,17
5,1,400913,14,17
5,1,600977,15,17
5,1,601041,16,17
5,1,200720,11,16
5,1,200784,12,16
5,1,200848,13,16
5,1,400912,14,16
5,1,600976,15,16
5,1,601040,16,16
5,1,200719,11,15
5,1,200783,12,15
5,1,200847,13,15
5,1,400911,14,15
5,1,600975,15,15
5,1,601039,16,15
5,1,200718,11,14
5,1,200782,12,14
5,1,200846,13,14
5,1,400910,14,14
5,1,600974,15,14
5,1,601038,16,14
5,1,200717,11,13
5,1,200781,12,13
5,1,200845,13,13
5,1,400909,14,13
5,1,600973,15,13
5,1,601037,16,13
5,1,200716,11,12
5,1,200780,12,12
5,1,200844,13,12
5,1,400908,14,12
5,1,600972,15,12
5,1,601036,16,12
5,1,200715,11,11
5,1,200779,12,11
5,1,200843,13,11
5,1,400907,14,11
5,1,600971,15,11
5,1,601035,16,11
5,1,200714,11,10
5,1,200778,12,10
5,1,200842,13,10
5,1,400906,14,10
5,1,600970,15,10
5,1,601034,16,10
5,1,200713,11,9
5,1,200777,12,9
5,1,200841,13,9
5,1,400905,14,9
5,1,600969,15,9
5,1,601033,16,9
5,2,600978,15,18
5,2,601042,16,18
5,2,601106,17,18
5,2,601170,18,18
5,2,601234,19,18
5,2,601298,20,18
5,2,600977,15,17
5,2,601041,16,17
5,2,601105,17,17
5,2,601169,18,17
5,2,601233,19,17
5,2,601297,20,17
5,2,600976,15,16
5,2,601040,16,16
5,2,601104,17,16
5,2,601168,18,16
5,2,601232,19,16
5,2,601296,20,16
5,2,600975,15,15
5,2,601039,16,15
5,2,601103,17,15
5,2,601167,18,15
5,2,601231,19,15
5,2,601295,20,15
5,2,600974,15,14
5,2,601038,16,14
5,2,601102,17,14
5,2,601166,18,14
5,2,601230,19,14
5,2,601294,20,14
5,2,600973,15,13
5,2,601037,16,13
5,2,601101,17,13
5,2,601165,18,13
5,2,601229,19,13
5,2,601293,20,13
5,2,600972,15,12
5,2,601036,16,12
5,2,601100,17,12
5,2,601164,18,12
5,2,601228,19,12
5,2,601292,20,12
5,2,600971,15,11
5,2,601035,16,11
5,2,601099,17,11
5,2,601163,18,11
5,2,601227,19,11
5,2,601291,20,11
5,2,600970,15,10
5,2,601034,16,10
5,2,601098,17,10
5,2,601162,18,10
5,2,601226,19,10
5,2,601290,20,10
5,2,600969,15,9
5,2,601033,16,9
5,2,601097,17,9
5,2,601161,18,9
5,2,601225,19,9
5,2,601289,20,9
5,3,601234,19,18
5,3,601298,20,18
5,3,601362,21,18
5,3,601426,22,18
5,3,601490,23,18
5,3,601554,24,18
5,3,601233,19,17
5,3,601297,20,17
5,3,601361,21,17
5,3,601425,22,17
5,3,601489,23,17
5,3,601553,24,17
5,3,601232,19,16
5,3,601296,20,16
5,3,601360,21,16
5,3,601424,22,16
5,3,601488,23,16
5,3,601552,24,16
5,3,601231,19,15
5,3,601295,20,15
5,3,601359,21,15
5,3,601423,22,15
5,3,601487,23,15
5,3,601551,24,15
5,3,601230,19,14
5,3,601294,20,14
5,3,601358,21,14
5,3,601422,22,14
5,3,601486,23,14
5,3,601550,24,14
5,3,601229,19,13
5,3,601293,20,13
5,3,601357,21,13
5,3,601421,22,13
5,3,601485,23,13
5,3,601549,24,13
5,3,601228,19,12
5,3,601292,20,12
5,3,601356,21,12
5,3,601420,22,12
5,3,601484,23,12
5,3,601548,24,12
5,3,601227,19,11
5,3,601291,20,11
5,3,601355,21,11
5,3,601419,22,11
5,3,601483,23,11
5,3,601547,24,11
5,3,601226,19,10
5,3,601290,20,10
5,3,601354,21,10
5,3,601418,22,10
5,3,601482,23,10
5,3,601546,24,10
5,3,601225,19,9
5,3,601289,20,9
5,3,601353,21,9
5,3,601417,22,9
5,3,601481,23,9
5,3,601545,24,9
8,0,200474,7,26
8,0,200538,8,26
8,0,200602,9,26
8,0,200666,10,26
8,0,200730,11,26
8,0,200794,12,26
8,0,200473,7,25
8,0,200537,8,25
8,0,200601,9,25
8,0,200665,10,25
8,0,200729,11,25
8,0,200793,12,25
8,0,200472,7,24
8,0,200536,8,24
8,0,200600,9,24
8,0,200664,10,24
8,0,200728,11,24
8,0,200792,12,24
8,0,200471,7,23
8,0,200535,8,23
8,0,200599,9,23
8,0,200663,10,23
8,0,200727,11,23
8,0,200791,12,23
8,0,200470,7,22
8,0,200534,8,22
8,0,200598,9,22
8,0,200662,10,22
8,0,200726,11,22
8,0,200790,12,22
8,0,200469,7,21
8,0,200533,8,21
8,0,200597,9,21
8,0,200661,10,21
8,0,200725,11,21
8,0,200789,12,21
8,0,200468,7,20
8,0,200532,8,20
8,0,200596,9,20
8,0,200660,10,20
8,0,200724,11,20
8,0,200788,12,20
8,0,200467,7,19
8,0,200531,8,19
8,0,200595,9,19
8,0,200659,10,19
8,0,200723,11,19
8,0,200787,12,19
8,0,200466,7,18
8,0,200530,8,18
8,0,200594,9,18
8,0,200658,10,18
8,0,200722,11,18
8,0,200786,12,18
8,0,200465,7,17
8,0,200529,8,17
8,0,200593,9,17
8,0,200657,10,17
8,0,200721,11,17
8,0,200785,12,17
8,1,200730,11,26
8,1,200794,12,26
8,1,200858,13,26
8,1,400922,14,26
8,1,600986,15,26
8,1,601050,16,26
8,1,200729,11,25
8,1,200793,12,25
8,1,200857,13,25
8,1,400921,14,25
8,1,600985,15,25
8,1,601049,16,25
8,1,200728,11,24
8,1,200792,12,24
8,1,200856,13,24
8,1,400920,14,24
8,1,600984,15,24
8,1,601048,16,24
8,1,200727,11,23
8,1,200791,12,23
8,1,200855,13,23
8,1,400919,14,23
8,1,600983,15,23
8,1,601047,16,23
8,1,200726,11,22
8,1,200790,12,22
8,1,200854,13,22
8,1,400918,14,22
8,1,600982,15,22
8,1,601046,16,22
8,1,200725,11,21
8,1,200789,12,21
8,1,200853,13,21
8,1,400917,14,21
8,1,600981,15,21
8,1,601045,16,21
8,1,200724,11,20
8,1,200788,12,20
8,1,200852,13,20
8,1,400916,14,20
8,1,600980,15,20
8,1,601044,16,20
8,1,200723,11,19
8,1,200787,12,19
8,1,200851,13,19
8,1,400915,14,19
8,1,600979,15,19
8,1,601043,16,19
8,1,200722,11,18
8,1,200786,12,18
8,1,200850,13,18
8,1,400914,14,18
8,1,600978,15,18
8,1,601042,16,18
8,1,200721,11,17
8,1,200785,12,17
8,1,200849,13,17
8,1,400913,14,17
8,1,600977,15,17
8,1,601041,16,17
8,2,600986,15,26
8,2,601050,16,26
8,2,601114,17,26
8,2,601178,18,26
8,2,601242,19,26
8,2,601306,20,26
8,2,600985,15,25
8,2,601049,16,25
8,2,601113,17,25
8,2,601177,18,25
8,2,601241,19,25
8,2,601305,20,25
8,2,600984,15,24
8,2,601048,16,24
8,2,601112,17,24
8,2,601176,18,24
8,2,601240,19,24
8,2,601304,20,24
8,2,600983,15,23
8,2,601047,16,23
8,2,601111,17,23
8,2,601175,18,23
8,2,601239,19,23
8,2,601303,20,23
8,2,600982,15,22
8,2,601046,16,22
8,2,601110,17,22
8,2,601174,18,22
8,2,601238,19,22
8,2,601302,20,22
8,2,600981,15,21
8,2,601045,16,21
8,2,601109,17,21
8,2,601173,18,21
8,2,601237,19,21
8,2,601301,20,21
8,2,600980,15,20
8,2,601044,16,20
8,2,601108,17,20
8,2,601172,18,20
8,2,601236,19,20
8,2,601300,20,20
8,2,600979,15,19
8,2,601043,16,19
8,2,601107,17,19
8,2,601171,18,19
8,2,601235,19,19
8,2,601299,20,19
8,2,600978,15,18
8,2,601042,16,18
8,2,601106,17,18
8,2,601170,18,18
8,2,601234,19,18
8,2,601298,20,18
8,2,600977,15,17
8,2,601041,16,17
8,2,601105,17,17
8,2,601169,18,17
8,2,601233,19,17
8,2,601297,20,17
8,3,601242,19,26
8,3,601306,20,26
8,3,601370,21,26
8,3,601434,22,26
8,3,601498,23,26
8,3,601562,24,26
8,3,601241,19,25
8,3,601305,20,25
8,3,601369,21,25
8,3,601433,22,25
8,3,601497,23,25
8,3,601561,24,25
8,3,601240,19,24
8,3,601304,20,24
8,3,601368,21,24
8,3,601432,22,24
8,3,601496,23,24
8,3,601560,24,24
8,3,601239,19,23
8,3,601303,20,23
8,3,601367,21,23
8,3,601431,22,23
8,3,601495,23,23
8,3,601559,24,23
8,3,601238,19,22
8,3,601302,20,22
8,3,601366,21,22
8,3,601430,22,22
8,3,601494,23,22
8,3,601558,24,22
8,3,601237,19,21
8,3,601301,20,21
8,3,601365,21,21
8,3,601429,22,21
8,3,601493,23,21
8,3,601557,24,21
8,3,601236,19,20
8,3,601300,20,20
8,3,601364,21,20
8,3,601428,22,20
8,3,601492,23,20
8,3,601556,24,20
8,3,601235,19,19
8,3,601299,20,19
8,3,601363,21,19
8,3,601427,22,19
8,3,601491,23,19
8,3,601555,24,19
8,3,601234,19,18
8,3,601298,20,18
8,3,601362,21,18
8,3,601426,22,18
8,3,601490,23,18
8,3,601554,24,18
8,3,601233,19,17
8,3,601297,20,17
8,3,601361,21,17
8,3,601425,22,17
8,3,601489,23,17
8,3,601553,24,17
11,0,200482,7,34
11,0,200546,8,34
11,0,200610,9,34
11,0,200674,10,34
11,0,200738,11,34
11,0,200802,12,34
11,0,200481,7,33
11,0,200545,8,33
11,0,200609,9,33
11,0,200673,10,33
11,0,200737,11,33
11,0,200801,12,33
11,0,200480,7,32
11,0,200544,8,32
11,0,200608,9,32
11,0,200672,10,32
11,0,200736,11,32
11,0,200800,12,32
11,0,200479,7,31
11,0,200543,8,31
11,0,200607,9,31
11,0,200671,10,31
11,0,200735,11,31
11,0,200799,12,31
11,0,200478,7,30
11,0,200542,8,30
11,0,200606,9,30
11,0,200670,10,30
11,0,200734,11,30
11,0,200798,12,30
11,0,200477,7,29
11,0,200541,8,29
11,0,200605,9,29
11,0,200669,10,29
11,0,200733,11,29
11,0,200797,12,29
11,0,200476,7,28
11,0,200540,8,28
11,0,200604,9,28
11,0,200668,10,28
11,0,200732,11,28
11,0,200796,12,28
11,0,200475,7,27
11,0,200539,8,27
11,0,200603,9,27
11,0,200667,10,27
11,0,200731,11,27
11,0,200795,12,27
11,0,200474,7,26
11,0,200538,8,26
11,0,200602,9,26
11,0,200666,10,26
11,0,200730,11,26
11,0,200794,12,26
11,0,200473,7,25
11,0,200537,8,25
11,0,200601,9,25
11,0,200665,10,25
11,0,200729,11,25
11,0,200793,12,25
11,1,200738,11,34
11,1,200802,12,34
11,1,200866,13,34
11,1,400930,14,34
11,1,600994,15,34
11,1,601058,16,34
11,1,200737,11,33
11,1,200801,12,33
11,1,200865,13,33
11,1,400929,14,33
11,1,600993,15,33
11,1,601057,16,33
11,1,200736,11,32
11,1,200800,12,32
11,1,200864,13,32
11,1,400928,14,32
11,1,600992,15,32
11,1,601056,16,32
11,1,200735,11,31
11,1,200799,12,31
11,1,200863,13,31
11,1,400927,14,31
11,1,600991,15,31
11,1,601055,16,31
11,1,200734,11,30
11,1,200798,12,30
11,1,200862,13,30
11,1,400926,14,30
11,1,600990,15,30
11,1,601054,16,30
11,1,200733,11,29
11,1,200797,12,29
11,1,200861,13,29
11,1,400925,14,29
11,1,600989,15,29
11,1,601053,16,29
11,1,200732,11,28
11,1,200796,12,28
11,1,200860,13,28
11,1,400924,14,28
11,1,600988,15,28
11,1,601052,16,28
11,1,200731,11,27
11,1,200795,12,27
11,1,200859,13,27
11,1,400923,14,27
11,1,600987,15,27
11,1,601051,16,27
11,1,200730,11,26
11,1,200794,12,26
11,1,200858,13,26
11,1,400922,14,26
11,1,600986,15,26
11,1,601050,16,26
11,1,200729,11,25
11,1,200793,12,25
11,1,200857,13,25
11,1,400921,14,25
11,1,600985,15,25
11,1,601049,16,25
11,2,600994,15,34
11,2,601058,16,34
11,2,601122,17,34
11,2,601186,18,34
11,2,601250,19,34
11,2,601314,20,34
11,2,600993,15,33
11,2,601057,16,33
11,2,601121,17,33
11,2,601185,18,33
11,2,601249,19,33
11,2,601313,20,33
11,2,600992,15,32
11,2,601056,16,32
11,2,601120,17,32
11,2,601184,18,32
11,2,601248,19,32
11,2,601312,20,32
11,2,600991,15,31
11,2,601055,16,31
11,2,601119,17,31
11,2,601183,18,31
11,2,601247,19,31
11,2,601311,20,31
11,2,600990,15,30
11,2,601054,16,30
11,2,601118,17,30
11,2,601182,18,30
11,2,601246,19,30
11,2,601310,20,30
11,2,600989,15,29
11,2,601053,16,29
11,2,601117,17,29
11,2,601181,18,29
11,2,601245,19,29
11,2,601309,20,29
11,2,600988,15,28
11,2,601052,16,28
11,2,601116,17,28
11,2,601180,18,28
11,2,601244,19,28
11,2,601308,20,28
11,2,600987,15,27
11,2,601051,16,27
11,2,601115,17,27
11,2,601179,18,27
11,2,601243,19,27
11,2,601307,20,27
11,2,600986,15,26
11,2,601050,16,26
11,2,601114,17,26
11,2,601178,18,26
11,2,601242,19,26
11,2,601306,20,26
11,2,600985,15,25
11,2,601049,16,25
11,2,601113,17,25
11,2,601177,18,25
11,2,601241,19,25
11,2,601305,20,25
11,3,601250,19,34
11,3,601314,20,34
11,3,601378,21,34
11,3,601442,22,34
11,3,601506,23,34
11,3,601570,24,34
11,3,601249,19,33
11,3,601313,20,33
11,3,601377,21,33
11,3,601441,22,33
11,3,601505,23,33
11,3,601569,24,33
11,3,601248,19,32
11,3,601312,20,32
11,3,601376,21,32
11,3,601440,22,32
11,3,601504,23,32
11,3,601568,24,32
11,3,601247,19,31
11,3,601311,20,31
11,3,601375,21,31
11,3,601439,22,31
11,3,601503,23,31
11,3,601567,24,31
11,3,601246,19,30
11,3,601310,20,30
11,3,601374,21,30
11,3,601438,22,30
11,3,601502,23,30
11,3,601566,24,30
11,3,601245,19,29
11,3,601309,20,29
11,3,601373,21,29
11,3,601437,22,29
11,3,601501,23,29
11,3,601565,24,29
11,3,601244,19,28
11,3,601308,20,28
11,3,601372,21,28
11,3,601436,22,28
11,3,601500,23,28
11,3,601564,24,28
11,3,601243,19,27
11,3,601307,20,27
11,3,601371,21,27
11,3,601435,22,27
11,3,601499,23,27
11,3,601563,24,27
11,3,601242,19,26
11,3,601306,20,26
11,3,601370,21,26
11,3,601434,22,26
11,3,601498,23,26
11,3,601562,24,26
11,3,601241,19,25
11,3,601305,20,25
11,3,601369,21,25
11,3,601433,22,25
11,3,601497,23,25
11,3,601561,24,25
14,0,200490,7,42
14,0,200554,8,42
14,0,200618,9,42
14,0,200682,10,42
14,0,200746,11,42
14,0,200810,12,42
14,0,200489,7,41
14,0,200553,8,41
14,0,200617,9,41
14,0,200681,10,41
14,0,200745,11,41
14,0,200809,12,41
14,0,200488,7,40
14,0,200552,8,40
14,0,200616,9,40
14,0,200680,10,40
14,0,200744,11,40
14,0,200808,12,40
14,0,200487,7,39
14,0,200551,8,39
14,0,200615,9,39
14,0,200679,10,39
14,0,200743,11,39
14,0,200807,12,39
14,0,200486,7,38
14,0,200550,8,38
14,0,200614,9,38
14,0,200678,10,38
14,0,200742,11,38
14,0,200806,12,38
14,0,200485,7,37
14,0,200549,8,37
14,0,200613,9,37
14,0,200677,10,37
14,0,200741,11,37
14,0,200805,12,37
14,0,200484,7,36
14,0,200548,8,36
14,0,200612,9,36
14,0,200676,10,36
14,0,200740,11,36
14,0,200804,12,36
14,0,200483,7,35
14,0,200547,8,35
14,0,200611,9,35
14,0,200675,10,35
14,0,200739,11,35
14,0,200803,12,35
14,0,200482,7,34
14,0,200546,8,34
14,0,200610,9,34
14,0,200674,10,34
14,0,200738,11,34
14,0,200802,12,34
14,0,200481,7,33
14,0,200545,8,33
14,0,200609,9,33
14,0,200673,10,33
14,0,200737,11,33
14,0,200801,12,33
14,1,200746,11,42
14,1,200810,12,42
14,1,200874,13,42
14,1,400938,14,42
14,1,601002,15,42
14,1,601066,16,42
14,1,200745,11,41
14,1,200809,12,41
14,1,200873,13,41
14,1,400937,14,41
14,1,601001,15,41
14,1,601065,16,41
14,1,200744,11,40
14,1,200808,12,40
14,1,200872,13,40
14,1,400936,14,40
14,1,601000,15,40
14,1,601064,16,40
14,1,200743,11,39
14,1,200807,12,39
14,1,200871,13,39
14,1,400935,14,39
14,1,600999,15,39
14,1,601063,16,39
14,1,200742,11,38
14,1,200806,12,38
14,1,200870,13,38
14,1,400934,14,38
14,1,600998,15,38
14,1,601062,16,38
14,1,200741,11,37
14,1,200805,12,37
14,1,200869,13,37
14,1,400933,14,37
14,1,600997,15,37
14,1,601061,16,37
14,1,200740,11,36
14,1,200804,12,36
14,1,200868,13,36
14,1,400932,14,36
14,1,600996,15,36
14,1,601060,16,36
14,1,200739,11,35
14,1,200803,12,35
14,1,200867,13,35
14,1,400931,14,35
14,1,600995,15,35
14,1,601059,16,35
14,1,200738,11,34
14,1,200802,12,34
14,1,200866,13,34
14,1,400930,14,34
14,1,600994,15,34
14,1,601058,16,34
14,1,200737,11,33
14,1,200801,12,33
14,1,200865,13,33
14,1,400929,14,33
14,1,600993,15,33
14,1,601057,16,33
14,2,601002,15,42
14,2,601066,16,42
14,2,601130,17,42
14,2,601194,18,42
14,2,601258,19,42
14,2,601322,20,42
14,2,601001,15,41
14,2,601065,16,41
14,2,601129,17,41
14,2,601193,18,41
14,2,601257,19,41
14,2,601321,20,41
14,2,601000,15,40
14,2,601064,16,40
14,2,601128,17,40
14,2,601192,18,40
14,2,601256,19,40
14,2,601320,20,40
14,2,600999,15,39
14,2,601063,16,39
14,2,601127,17,39
14,2,601191,18,39
14,2,601255,19,39
14,2,601319,20,39
14,2,600998,15,38
14,2,601062,16,38
14,2,601126,17,38
14,2,601190,18,38
14,2,601254,19,38
14,2,601318,20,38
14,2,600997,15,37
14,2,601061,16,37
14,2,601125,17,37
14,2,601189,18,37
14,2,601253,19,37
14,2,601317,20,37
14,2,600996,15,36
14,2,601060,16,36
14,2,601124,17,36
14,2,601188,18,36
14,2,601252,19,36
14,2,601316,20,36
14,2,600995,15,35
14,2,601059,16,35
14,2,601123,17,35
14,2,601187,18,35
14,2,601251,19,35
14,2,601315,20,35
14,2,600994,15,34
14,2,601058,16,34
14,2,601122,17,34
14,2,601186,18,34
14,2,601250,19,34
14,2,601314,20,34
14,2,600993,15,33
14,2,601057,16,33
14,2,601121,17,33
14,2,601185,18,33
14,2,601249,19,33
14,2,601313,20,33
14,3,601258,19,42
14,3,601322,20,42
14,3,601386,21,42
14,3,601450,22,42
14,3,601514,23,42
14,3,601578,24,42
14,3,601257,19,41
14,3,601321,20,41
14,3,601385,21,41
14,3,601449,22,41
14,3,601513,23,41
14,3,601577,24,41
14,3,601256,19,40
14,3,601320,20,40
14,3,601384,21,40
14,3,601448,22,40
14,3,601512,23,40
14,3,601576,24,40
14,3,601255,19,39
14,3,601319,20,39
14,3,601383,21,39
14,3,601447,22,39
14,3,601511,23,39
14,3,601575,24,39
14,3,601254,19,38
14,3,601318,20,38
14,3,601382,21,38
14,3,601446,22,38
14,3,601510,23,38
14,3,601574,24,38
14,3,601253,19,37
14,3,601317,20,37
14,3,601381,21,37
14,3,601445,22,37
14,3,601509,23,37
14,3,601573,24,37
14,3,601252,19,36
14,3,601316,20,36
14,3,601380,21,36
14,3,601444,22,36
14,3,601508,23,36
14,3,601572,24,36
14,3,601251,19,35
14,3,601315,20,35
14,3,601379,21,35
14,3,601443,22,35
14,3,601507,23,35
14,3,601571,24,35
14,3,601250,19,34
14,3,601314,20,34
14,3,601378,21,34
14,3,601442,22,34
14,3,601506,23,34
14,3,601570,24,34
14,3,601249,19,33
14,3,601313,20,33
14,3,601377,21,33
14,3,601441,22,33
14,3,601505,23,33
14,3,601569,24,33
17,0,200498,7,50
17,0,200562,8,50
17,0,200626,9,50
17,0,200690,10,50
17,0,200754,11,50
17,0,200818,12,50
17,0,200497,7,49
17,0,200561,8,49
17,0,200625,9,49
17,0,200689,10,49
17,0,200753,11,49
17,0,200817,12,49
17,0,200496,7,48
17,0,200560,8,48
17,0,200624,9,48
17,0,200688,10,48
17,0,200752,11,48
17,0,200816,12,48
17,0,200495,7,47
17,0,200559,8,47
17,0,200623,9,47
17,0,200687,10,47
17,0,200751,11,47
17,0,200815,12,47
17,0,200494,7,46
17,0,200558,8,46
17,0,200622,9,46
17,0,200686,10,46
17,0,200750,11,46
17,0,200814,12,46
17,0,200493,7,45
17,0,200557,8,45
17,0,200621,9,45
17,0,200685,10,45
17,0,200749,11,45
17,0,200813,12,45
17,0,200492,7,44
17,0,200556,8,44
17,0,200620,9,44
17,0,200684,10,44
17,0,200748,11,44
17,0,200812,12,44
17,0,200491,7,43
17,0,200555,8,43
17,0,200619,9,43
17,0,200683,10,43
17,0,200747,11,43
17,0,200811,12,43
17,0,200490,7,42
17,0,200554,8,42
17,0,200618,9,42
17,0,200682,10,42
17,0,200746,11,42
17,0,200810,12,42
17,0,200489,7,41
17,0,200553,8,41
17,0,200617,9,41
17,0,200681,10,41
17,0,200745,11,41
17,0,200809,12,41
17,1,200754,11,50
17,1,200818,12,50
17,1,200882,13,50
17,1,400946,14,50
17,1,601010,15,50
17,1,601074,16,50
17,1,200753,11,49
17,1,200817,12,49
17,1,200881,13,49
17,1,400945,14,49
17,1,601009,15,49
17,1,601073,16,49
17,1,200752,11,48
17,1,200816,12,48
17,1,200880,13,48
17,1,400944,14,48
17,1,601008,15,48
17,1,601072,16,48
17,1,200751,11,47
17,1,200815,12,47
17,1,200879,13,47
17,1,400943,14,47
17,1,601007,15,47
17,1,601071,16,47
17,1,200750,11,46
17,1,200814,12,46
17,1,200878,13,46
17,1,400942,14,46
17,1,601006,15,46
17,1,601070,16,46
17,1,200749,11,45
17,1,200813,12,45
17,1,200877,13,45
17,1,400941,14,45
17,1,601005,15,45
17,1,601069,16,45
17,1,200748,11,44
17,1,200812,12,44
17,1,200876,13,44
17,1,400940,14,44
17,1,601004,15,44
17,1,601068,16,44
17,1,200747,11,43
17,1,200811,12,43
17,1,200875,13,43
17,1,400939,14,43
17,1,601003,15,43
17,1,601067,16,43
17,1,200746,11,42
17,1,200810,12,42
17,1,200874,13,42
17,1,400938,14,42
17,1,601002,15,42
17,1,601066,16,42
17,1,200745,11,41
17,1,200809,12,41
17,1,200873,13,41
17,1,400937,14,41
17,1,601001,15,41
17,1,601065,16,41
17,2,601010,15,50
17,2,601074,16,50
17,2,601138,17,50
17,2,601202,18,50
17,2,601266,19,50
17,2,601330,20,50
17,2,601009,15,49
17,2,601073,16,49
17,2,601137,17,49
17,2,601201,18,49
17,2,601265,19,49
17,2,601329,20,49
17,2,601008,15,48
17,2,601072,16,48
17,2,601136,17,48
17,2,601200,18,48
17,2,601264,19,48
17,2,601328,20,48
17,2,601007,15,47
17,2,601071,16,47
17,2,601135,17,47
17,2,601199,18,47
17,2,601263,19,47
17,2,601327,20,47
17,2,601006,15,46
17,2,601070,16,46
17,2,601134,17,46
17,2,601198,18,46
17,2,601262,19,46
17,2,601326,20,46
17,2,601005,15,45
17,2,601069,16,45
17,2,601133,17,45
17,2,601197,18,45
17,2,601261,19,45
17,2,601325,20,45
17,2,601004,15,44
17,2,601068,16,44
17,2,601132,17,44
17,2,601196,18,44
17,2,601260,19,44
17,2,601324,20,44
17,2,601003,15,43
17,2,601067,16,43
17,2,601131,17,43
17,2,601195,18,43
17,2,601259,19,43
17,2,601323,20,43
17,2,601002,15,42
17,2,601066,16,42
17,2,601130,17,42
17,2,601194,18,42
17,2,601258,19,42
17,2,601322,20,42
17,2,601001,15,41
17,2,601065,16,41
17,2,601129,17,41
17,2,601193,18,41
17,2,601257,19,41
17,2,601321,20,41
17,3,601266,19,50
17,3,601330,20,50
17,3,601394,21,50
17,3,601458,22,50
17,3,601522,23,50
17,3,601586,24,50
17,3,601265,19,49
17,3,601329,20,49
17,3,601393,21,49
17,3,601457,22,49
17,3,601521,23,49
17,3,601585,24,49
17,3,601264,19,48
17,3,601328,20,48
17,3,601392,21,48
17,3,601456,22,48
17,3,601520,23,48
17,3,601584,24,48
17,3,601263,19,47
17,3,601327,20,47
17,3,601391,21,47
17,3,601455,22,47
17,3,601519,23,47
17,3,601583,24,47
17,3,601262,19,46
17,3,601326,20,46
17,3,601390,21,46
17,3,601454,22,46
17,3,601518,23,46
17,3,601582,24,46
17,3,601261,19,45
17,3,601325,20,45
17,3,601389,21,45
17,3,601453,22,45
17,3,601517,23,45
17,3,601581,24,45
17,3,601260,19,44
17,3,601324,20,44
17,3,601388,21,44
17,3,601452,22,44
17,3,601516,23,44
17,3,601580,24,44
17,3,601259,19,43
17,3,601323,20,43
17,3,601387,21,43
17,3,601451,22,43
17,3,601515,23,43
17,3,601579,24,43
17,3,601258,19,42
17,3,601322,20,42
17,3,601386,21,42
17,3,601450,22,42
17,3,601514,23,42
17,3,601578,24,42
17,3,601257,19,41
17,3,601321,20,41
17,3,601385,21,41
17,3,601449,22,41
17,3,601513,23,41
17,3,601577,24,41
20,0,200506,7,58
20,0,200570,8,58
20,0,200634,9,58
20,0,200698,10,58
20,0,200762,11,58
20,0,200826,12,58
20,0,200505,7,57
20,0,200569,8,57
20,0,200633,9,57
20,0,200697,10,57
20,0,200761,11,57
20,0,200825,12,57
20,0,200504,7,56
20,0,200568,8,56
20,0,200632,9,56
20,0,200696,10,56
20,0,200760,11,56
20,0,200824,12,56
20,0,200503,7,55
20,0,200567,8,55
20,0,200631,9,55
20,0,200695,10,55
20,0,200759,11,55
20,0,200823,12,55
20,0,200502,7,54
20,0,200566,8,54
20,0,200630,9,54
20,0,200694,10,54
20,0,200758,11,54
20,0,200822,12,54
20,0,200501,7,53
20,0,200565,8,53
20,0,200629,9,53
20,0,200693,10,53
20,0,200757,11,53
20,0,200821,12,53
20,0,200500,7,52
20,0,200564,8,52
20,0,200628,9,52
20,0,200692,10,52
20,0,200756,11,52
20,0,200820,12,52
20,0,200499,7,51
20,0,200563,8,51
20,0,200627,9,51
20,0,200691,10,51
20,0,200755,11,51
20,0,200819,12,51
20,0,200498,7,50
20,0,200562,8,50
20,0,200626,9,50
20,0,200690,10,50
20,0,200754,11,50
20,0,200818,12,50
20,0,200497,7,49
20,0,200561,8,49
20,0,200625,9,49
20,0,200689,10,49
20,0,200753,11,49
20,0,200817,12,49
20,1,200762,11,58
20,1,200826,12,58
20,1,200890,13,58
20,1,400954,14,58
20,1,601018,15,58
20,1,601082,16,58
20,1,200761,11,57
20,1,200825,12,57
20,1,200889,13,57
20,1,400953,14,57
20,1,601017,15,57
20,1,601081,16,57
20,1,200760,11,56
20,1,200824,12,56
20,1,200888,13,56
20,1,400952,14,56
20,1,601016,15,56
20,1,601080,16,56
20,1,200759,11,55
20,1,200823,12,55
20,1,200887,13,55
20,1,400951,14,55
20,1,601015,15,55
20,1,601079,16,55
20,1,200758,11,54
20,1,200822,12,54
20,1,200886,13,54
20,1,400950,14,54
20,1,601014,15,54
20,1,601078,16,54
20,1,200757,11,53
20,1,200821,12,53
20,1,200885,13,53
20,1,400949,14,53
20,1,601013,15,53
20,1,601077,16,53
20,1,200756,11,52
20,1,200820,12,52
20,1,200884,13,52
20,1,400948,14,52
20,1,601012,15,52
20,1,601076,16,52
20,1,200755,11,51
20,1,200819,12,51
20,1,200883,13,51
20,1,400947,14,51
20,1,601011,15,51
20,1,601075,16,51
20,1,200754,11,50
20,1,200818,12,50
20,1,200882,13,50
20,1,400946,14,50
20,1,601010,15,50
20,1,601074,16,50
20,1,200753,11,49
20,1,200817,12,49
20,1,200881,13,49
20,1,400945,14,49
20,1,601009,15,49
20,1,601073,16,49
20,2,601018,15,58
20,2,601082,16,58
20,2,601146,17,58
20,2,601210,18,58
20,2,601274,19,58
20,2,601338,20,58
20,2,601017,15,57
20,2,601081,16,57
20,2,601145,17,57
20,2,601209,18,57
20,2,601273,19,57
20,2,601337,20,57
20,2,601016,15,56
20,2,601080,16,56
20,2,601144,17,56
20,2,601208,18,56
20,2,601272,19,56
20,2,601336,20,56
20,2,601015,15,55
20,2,601079,16,55
20,2,601143,17,55
20,2,601207,18,55
20,2,601271,19,55
20,2,601335,20,55
20,2,601014,15,54
20,2,601078,16,54
20,2,601142,17,54
20,2,601206,18,54
20,2,601270,19,54
20,2,601334,20,54
20,2,601013,15,53
20,2,601077,16,53
20,2,601141,17,53
20,2,601205,18,53
20,2,601269,19,53
20,2,601333,20,53
20,2,601012,15,52
20,2,601076,16,52
20,2,601140,17,52
20,2,601204,18,52
20,2,601268,19,52
20,2,601332,20,52
20,2,601011,15,51
20,2,601075,16,51
20,2,601139,17,51
20,2,601203,18,51
20,2,601267,19,51
20,2,601331,20,51
20,2,601010,15,50
20,2,601074,16,50
20,2,601138,17,50
20,2,601202,18,50
20,2,601266,19,50
20,2,601330,20,50
20,2,601009,15,49
20,2,601073,16,49
20,2,601137,17,49
20,2,601201,18,49
20,2,601265,19,49
20,2,601329,20,49
20,3,601274,19,58
20,3,601338,20,58
20,3,601402,21,58
20,3,601466,22,58
20,3,601530,23,58
20,3,601594,24,58
20,3,601273,19,57
20,3,601337,20,57
20,3,601401,21,57
20,3,601465,22,57
20,3,601529,23,57
20,3,601593,24,57
20,3,601272,19,56
20,3,601336,20,56
20,3,601400,21,56
20,3,601464,22,56
20,3,601528,23,56
20,3,601592,24,56
20,3,601271,19,55
20,3,601335,20,55
20,3,601399,21,55
20,3,601463,22,55
20,3,601527,23,55
20,3,601591,24,55
20,3,601270,19,54
20,3,601334,20,54
20,3,601398,21,54
20,3,601462,22,54
20,3,601526,23,54
20,3,601590,24,54
20,3,601269,19,53
20,3,601333,20,53
20,3,601397,21,53
20,3,601461,22,53
20,3,601525,23,53
20,3,601589,24,53
20,3,601268,19,52
20,3,601332,20,52
20,3,601396,21,52
20,3,601460,22,52
20,3,601524,23,52
20,3,601588,24,52
20,3,601267,19,51
20,3,601331,20,51
20,3,601395,21,51
20,3,601459,22,51
20,3,601523,23,51
20,3,601587,24,51
20,3,601266,19,50
20,3,601330,20,50
20,3,601394,21,50
20,3,601458,22,50
20,3,601522,23,50
20,3,601586,24,50
20,3,601265,19,49
20,3,601329,20,49
20,3,601393,21,49
20,3,601457,22,49
20,3,601521,23,49
20,3,601585,24,49
23,0,200450,7,2
23,0,200514,8,2
23,0,200578,9,2
23,0,200642,10,2
23,0,200706,11,2
23,0,200770,12,2
23,0,200449,7,1
23,0,200513,8,1
23,0,200577,9,1
23,0,200641,10,1
23,0,200705,11,1
23,0,200769,12,1
23,0,200448,7,0
23,0,200512,8,0
23,0,200576,9,0
23,0,200640,10,0
23,0,200704,11,0
23,0,200768,12,0
23,0,200511,7,63
23,0,200575,8,63
23,0,200639,9,63
23,0,200703,10,63
23,0,200767,11,63
23,0,200831,12,63
23,0,200510,7,62
23,0,200574,8,62
23,0,200638,9,62
23,0,200702,10,62
23,0,200766,11,62
23,0,200830,12,62
23,0,200509,7,61
23,0,200573,8,61
23,0,200637,9,61
23,0,200701,10,61
23,0,200765,11,61
23,0,200829,12,61
23,0,200508,7,60
23,0,200572,8,60
23,0,200636,9,60
23,0,200700,10,60
23,0,200764,11,60
23,0,200828,12,60
23,0,200507,7,59
23,0,200571,8,59
23,0,200635,9,59
23,0,200699,10,59
23,0,200763,11,59
23,0,200827,12,59
23,0,200506,7,58
23,0,200570,8,58
23,0,200634,9,58
23,0,200698,10,58
23,0,200762,11,58
23,0,200826,12,58
23,0,200505,7,57
23,0,200569,8,57
23,0,200633,9,57
23,0,200697,10,57
23,0,200761,11,57
23,0,200825,12,57
23,1,200706,11,2
23,1,200770,12,2
23,1,200834,13,2
23,1,400898,14,2
23,1,600962,15,2
23,1,601026,16,2
23,1,200705,11,1
23,1,200769,12,1
23,1,200833,13,1
23,1,400897,14,1
23,1,600961,15,1
23,1,601025,16,1
23,1,200704,11,0
23,1,200768,12,0
23,1,200832,13,0
23,1,400896,14,0
23,1,600960,15,0
23,1,601024,16,0
23,1,200767,11,63
23,1,200831,12,63
23,1,200895,13,63
23,1,400959,14,63
23,1,601023,15,63
23,1,601087,16,63
23,1,200766,11,62
23,1,200830,12,62
23,1,200894,13,62
23,1,400958,14,62
23,1,601022,15,62
23,1,601086,16,62
23,1,200765,11,61
23,1,200829,12,61
23,1,200893,13,61
23,1,400957,14,61
23,1,601021,15,61
23,1,601085,16,61
23,1,200764,11,60
23,1,200828,12,60
23,1,200892,13,60
23,1,400956,14,60
23,1,601020,15,60
23,1,601084,16,60
23,1,200763,11,59
23,1,200827,12,59
23,1,200891,13,59
23,1,400955,14,59
23,1,601019,15,59
23,1,601083,16,59
23,1,200762,11,58
23,1,200826,12,58
23,1,200890,13,58
23,1,400954,14,58
23,1,601018,15,58
23,1,601082,16,58
23,1,200761,11,57
23,1,200825,12,57
23,1,200889,13,57
23,1,400953,14,57
23,1,601017,15,57
23,1,601081,16,57
23,2,600962,15,2
23,2,601026,16,2
23,2,601090,17,2
23,2,601154,18,2
23,2,601218,19,2
23,2,601282,20,2
23,2,600961,15,1
23,2,601025,16,1
23,2,601089,17,1
23,2,601153,18,1
23,2,601217,19,1
23,2,601281,20,1
23,2,600960,15,0
23,2,601024,16,0
23,2,601088,17,0
23,2,601152,18,0
23,2,601216,19,0
23,2,601280,20,0
23,2,601023,15,63
23,2,601087,16,63
23,2,601151,17,63
23,2,601215,18,63
23,2,601279,19,63
23,2,601343,20,63
23,2,601022,15,62
23,2,601086,16,62
23,2,601150,17,62
23,2,601214,18,62
23,2,601278,19,62
23,2,601342,20,62
23,2,601021,15,61
23,2,601085,16,61
23,2,601149,17,61
23,2,601213,18,61
23,2,601277,19,61
23,2,601341,20,61
23,2,601020,15,60
23,2,601084,16,60
23,2,601148,17,60
23,2,601212,18,60
23,2,601276,19,60
23,2,601340,20,60
23,2,601019,15,59
23,2,601083,16,59
23,2,601147,17,59
23,2,601211,18,59
23,2,601275,19,59
23,2,601339,20,59
23,2,601018,15,58
23,2,601082,16,58
23,2,601146,17,58
23,2,601210,18,58
23,2,601274,19,58
23,2,601338,20,58
23,2,601017,15,57
23,2,601081,16,57
23,2,601145,17,57
23,2,601209,18,57
23,2,601273,19,57
23,2,601337,20,57
23,3,601218,19,2
23,3,601282,20,2
23,3,601346,21,2
23,3,601410,22,2
23,3,601474,23,2
23,3,601538,24,2
23,3,601217,19,1
23,3,601281,20,1
23,3,601345,21,1
23,3,601409,22,1
23,3,601473,23,1
23,3,601537,24,1
23,3,601216,19,0
23,3,601280,20,0
23,3,601344,21,0
23,3,601408,22,0
23,3,601472,23,0
23,3,601536,24,0
23,3,601279,19,63
23,3,601343,20,63
23,3,601407,21,63
23,3,601471,22,63
23,3,601535,23,63
23,3,601599,24,63
23,3,601278,19,62
23,3,601342,20,62
23,3,601406,21,62
23,3,601470,22,62
23,3,601534,23,62
23,3,601598,24,62
23,3,601277,19,61
23,3,601341,20,61
23,3,601405,21,61
23,3,601469,22,61
23,3,601533,23,61
23,3,601597,24,61
23,3,601276,19,60
23,3,601340,20,60
23,3,601404,21,60
23,3,601468,22,60
23,3,601532,23,60
23,3,601596,24,60
23,3,601275,19,59
23,3,601339,20,59
23,3,601403,21,59
23,3,601467,22,59
23,3,601531,23,59
23,3,601595,24,59
23,3,601274,19,58
23,3,601338,20,58
23,3,601402,21,58
23,3,601466,22,58
23,3,601530,23,58
23,3,601594,24,58
23,3,601273,19,57
23,3,601337,20,57
23,3,601401,21,57
23,3,601465,22,57
23,3,601529,23,57
23,3,601593,24,57
